id,computerDnsName,onboardingStatus,ipAddresses
022b94d4210dad7e251239da49f4b759893362c2,hqsnsql.cpc.com.tw,Onboarded,"[{'ipAddress': '10.168.86.73', 'macAddress': 'F40343AD23A4', 'type': 'Ethernet', 'operationalStatus': 'Up'}, {'ipAddress': 'fe80::2591:fcc6:cc12:be74', 'macAddress': 'F40343AD23A4', 'type': 'Ethernet', 'operationalStatus': 'Up'}, {'ipAddress': '10.168.86.72', 'macAddress': 'F40343AD23A0', 'type': 'Ethernet', 'operationalStatus': 'Up'}, {'ipAddress': 'fe80::6d9e:f1fd:2e38:194d', 'macAddress': 'F40343AD23A0', 'type': 'Ethernet', 'operationalStatus': 'Up'}, {'ipAddress': '169.254.150.96', 'macAddress': 'F40343AD1DDC', 'type': 'Ethernet', 'operationalStatus': 'Down'}, {'ipAddress': 'fe80::5528:aa10:d321:9660', 'macAddress': 'F40343AD1DDC', 'type': 'Ethernet', 'operationalStatus': 'Down'}, {'ipAddress': '169.254.138.26', 'macAddress': 'F40343AD1DD8', 'type': 'Ethernet', 'operationalStatus': 'Down'}, {'ipAddress': 'fe80::8d57:3e36:be2:8a1a', 'macAddress': 'F40343AD1DD8', 'type': 'Ethernet', 'operationalStatus': 'Down'}, {'ipAddress': '169.254.206.182', 'macAddress': '30E17170E645', 'type': 'Ethernet', 'operationalStatus': 'Down'}, {'ipAddress': 'fe80::4d6a:4506:1db2:ceb6', 'macAddress': '30E17170E645', 'type': 'Ethernet', 'operationalStatus': 'Down'}, {'ipAddress': '169.254.32.202', 'macAddress': '30E17170E647', 'type': 'Ethernet', 'operationalStatus': 'Down'}, {'ipAddress': 'fe80::ac50:23c7:8b13:20ca', 'macAddress': '30E17170E647', 'type': 'Ethernet', 'operationalStatus': 'Down'}, {'ipAddress': '10.168.252.52', 'macAddress': '30E17170E644', 'type': 'Ethernet', 'operationalStatus': 'Up'}, {'ipAddress': 'fe80::1d3d:fc9c:63c1:60e4', 'macAddress': '30E17170E644', 'type': 'Ethernet', 'operationalStatus': 'Up'}, {'ipAddress': '169.254.185.151', 'macAddress': '30E17170E646', 'type': 'Ethernet', 'operationalStatus': 'Down'}, {'ipAddress': 'fe80::c5d8:cfff:52b9:b997', 'macAddress': '30E17170E646', 'type': 'Ethernet', 'operationalStatus': 'Down'}, {'ipAddress': '127.0.0.1', 'macAddress': '', 'type': 'SoftwareLoopback', 'operationalStatus': 'Up'}, {'ipAddress': '::1', 'macAddress': '', 'type': 'SoftwareLoopback', 'operationalStatus': 'Up'}, {'ipAddress': 'fe80::5efe:10.168.252.52', 'macAddress': '00000000000000E0', 'type': 'Tunnel', 'operationalStatus': 'Down'}]"
0c71c55edf23d9a1e07b728910f7858b46dc2367,hqsdb2cst.cpc.com.tw,Onboarded,"[{'ipAddress': '10.201.167.18', 'macAddress': '30E1717017D9', 'type': 'Ethernet', 'operationalStatus': 'Up'}, {'ipAddress': 'fe80::acfe:713b:82e1:5c72', 'macAddress': '30E1717017D9', 'type': 'Ethernet', 'operationalStatus': 'Up'}, {'ipAddress': '169.254.201.166', 'macAddress': '30E1717017DA', 'type': 'Ethernet', 'operationalStatus': 'Up'}, {'ipAddress': 'fe80::50bb:450a:9f49:c9a6', 'macAddress': '30E1717017DA', 'type': 'Ethernet', 'operationalStatus': 'Up'}, {'ipAddress': '169.254.108.8', 'macAddress': '30E1717017DB', 'type': 'Ethernet', 'operationalStatus': 'Up'}, {'ipAddress': 'fe80::247d:9b0a:8399:6c08', 'macAddress': '30E1717017DB', 'type': 'Ethernet', 'operationalStatus': 'Up'}, {'ipAddress': '169.254.197.88', 'macAddress': '30E1717017D8', 'type': 'Ethernet', 'operationalStatus': 'Down'}, {'ipAddress': 'fe80::7936:4780:1213:c558', 'macAddress': '30E1717017D8', 'type': 'Ethernet', 'operationalStatus': 'Down'}, {'ipAddress': '127.0.0.1', 'macAddress': '', 'type': 'SoftwareLoopback', 'operationalStatus': 'Up'}, {'ipAddress': '::1', 'macAddress': '', 'type': 'SoftwareLoopback', 'operationalStatus': 'Up'}, {'ipAddress': 'fe80::5efe:169.254.108.8', 'macAddress': '00000000000000E0', 'type': 'Tunnel', 'operationalStatus': 'Down'}, {'ipAddress': 'fe80::5efe:169.254.201.166', 'macAddress': '00000000000000E0', 'type': 'Tunnel', 'operationalStatus': 'Down'}, {'ipAddress': 'fe80::5efe:10.201.167.18', 'macAddress': '00000000000000E0', 'type': 'Tunnel', 'operationalStatus': 'Down'}]"
0ef326e76620c748476d6054559e7a79d9d95259,hqslg16v.cpc.com.tw,Onboarded,"[{'ipAddress': '10.168.252.44', 'macAddress': '00155D44D300', 'type': 'Ethernet', 'operationalStatus': 'Up'}, {'ipAddress': 'fe80::5d8a:ab13:2795:25c5', 'macAddress': '00155D44D300', 'type': 'Ethernet', 'operationalStatus': 'Up'}, {'ipAddress': '10.168.249.44', 'macAddress': '00155D44D302', 'type': 'Ethernet', 'operationalStatus': 'Up'}, {'ipAddress': 'fe80::6956:1f21:93e1:c122', 'macAddress': '00155D44D302', 'type': 'Ethernet', 'operationalStatus': 'Up'}, {'ipAddress': '127.0.0.1', 'macAddress': '', 'type': 'SoftwareLoopback', 'operationalStatus': 'Up'}, {'ipAddress': '::1', 'macAddress': '', 'type': 'SoftwareLoopback', 'operationalStatus': 'Up'}, {'ipAddress': 'fe80::5efe:10.168.252.44', 'macAddress': '00000000000000E0', 'type': 'Tunnel', 'operationalStatus': 'Down'}, {'ipAddress': 'fe80::5efe:10.168.249.44', 'macAddress': '00000000000000E0', 'type': 'Tunnel', 'operationalStatus': 'Down'}]"
16f12f3ca8dbba4e9632183b6de14330ec304307,hqsbd16p2.cpc.com.tw,Onboarded,"[{'ipAddress': '169.254.34.58', 'macAddress': '9440C91D6807', 'type': 'Ethernet', 'operationalStatus': 'Down'}, {'ipAddress': 'fe80::74ae:1286:8ec9:223a', 'macAddress': '9440C91D6807', 'type': 'Ethernet', 'operationalStatus': 'Down'}, {'ipAddress': '169.254.16.217', 'macAddress': '9440C91D6805', 'type': 'Ethernet', 'operationalStatus': 'Down'}, {'ipAddress': 'fe80::d76:3d90:a581:10d9', 'macAddress': '9440C91D6805', 'type': 'Ethernet', 'operationalStatus': 'Down'}, {'ipAddress': '169.254.22.94', 'macAddress': '9440C91D6806', 'type': 'Ethernet', 'operationalStatus': 'Down'}, {'ipAddress': 'fe80::742f:f2f6:4769:165e', 'macAddress': '9440C91D6806', 'type': 'Ethernet', 'operationalStatus': 'Down'}, {'ipAddress': '10.168.252.123', 'macAddress': '9440C91D6804', 'type': 'Ethernet', 'operationalStatus': 'Up'}, {'ipAddress': 'fe80::3576:aa95:13ec:c3b3', 'macAddress': '9440C91D6804', 'type': 'Ethernet', 'operationalStatus': 'Up'}, {'ipAddress': '127.0.0.1', 'macAddress': '', 'type': 'SoftwareLoopback', 'operationalStatus': 'Up'}, {'ipAddress': '::1', 'macAddress': '', 'type': 'SoftwareLoopback', 'operationalStatus': 'Up'}, {'ipAddress': 'fe80::5efe:10.168.252.123', 'macAddress': '00000000000000E0', 'type': 'Tunnel', 'operationalStatus': 'Down'}]"
18ef0219838c37512902d3e21bd0abff066b565f,hqs2016sp1ofs.cpc.com.tw,Onboarded,"[{'ipAddress': '10.168.252.49', 'macAddress': '00155DFC5702', 'type': 'Ethernet', 'operationalStatus': 'Up'}, {'ipAddress': 'fe80::58c0:238f:7002:e404', 'macAddress': '00155DFC5702', 'type': 'Ethernet', 'operationalStatus': 'Up'}, {'ipAddress': '127.0.0.1', 'macAddress': '', 'type': 'SoftwareLoopback', 'operationalStatus': 'Up'}, {'ipAddress': '::1', 'macAddress': '', 'type': 'SoftwareLoopback', 'operationalStatus': 'Up'}, {'ipAddress': 'fe80::5efe:10.168.252.49', 'macAddress': '00000000000000E0', 'type': 'Tunnel', 'operationalStatus': 'Down'}]"
19f081d469f5280b82ffa9c97f924a35579ebb25,hqswwwyt2.cpc.com.tw,Onboarded,"[{'ipAddress': '10.168.252.61', 'macAddress': '00155D22E001', 'type': 'Ethernet', 'operationalStatus': 'Up'}, {'ipAddress': 'fe80::7d13:499f:595b:8e7e', 'macAddress': '00155D22E001', 'type': 'Ethernet', 'operationalStatus': 'Up'}, {'ipAddress': '127.0.0.1', 'macAddress': None, 'type': 'SoftwareLoopback', 'operationalStatus': 'Up'}, {'ipAddress': '::1', 'macAddress': None, 'type': 'SoftwareLoopback', 'operationalStatus': 'Up'}, {'ipAddress': 'fe80::5efe:10.168.252.61', 'macAddress': '00000000000000E0', 'type': 'Tunnel', 'operationalStatus': 'Down'}]"
1a3b366e759eab53200f35868c4c5e42d8d45686,hqca000200-9037.cpc.com.tw,Onboarded,"[{'ipAddress': '10.168.2.108', 'macAddress': '94C6915990E9', 'type': 'Ethernet', 'operationalStatus': 'Up'}, {'ipAddress': 'fe80::85b9:a566:f728:5f07', 'macAddress': '94C6915990E9', 'type': 'Ethernet', 'operationalStatus': 'Up'}, {'ipAddress': '127.0.0.1', 'macAddress': '', 'type': 'SoftwareLoopback', 'operationalStatus': 'Up'}, {'ipAddress': '::1', 'macAddress': '', 'type': 'SoftwareLoopback', 'operationalStatus': 'Up'}]"
1b8d7064ad49fb1f7d35f9d0a8da862895e3c98c,hqssql2014s.cpc.com.tw,Onboarded,"[{'ipAddress': '10.168.252.110', 'macAddress': 'A0D3C1021730', 'type': 'Ethernet', 'operationalStatus': 'Up'}, {'ipAddress': '169.254.30.1', 'macAddress': 'A0D3C1021733', 'type': 'Ethernet', 'operationalStatus': 'Down'}, {'ipAddress': 'fe80::2510:c9b6:a8d5:1e01', 'macAddress': 'A0D3C1021733', 'type': 'Ethernet', 'operationalStatus': 'Down'}, {'ipAddress': '127.0.0.1', 'macAddress': '', 'type': 'SoftwareLoopback', 'operationalStatus': 'Up'}, {'ipAddress': '::1', 'macAddress': '', 'type': 'SoftwareLoopback', 'operationalStatus': 'Up'}]"
1b9f3c5e675f88d877154415129c7eac5b6528b1,hqsdb2t.cpc.com.tw,Onboarded,"[{'ipAddress': '10.168.252.172', 'macAddress': '00155DFCC104', 'type': 'Ethernet', 'operationalStatus': 'Up'}, {'ipAddress': 'fe80::1c06:4b6f:e556:3764', 'macAddress': '00155DFCC104', 'type': 'Ethernet', 'operationalStatus': 'Up'}, {'ipAddress': '127.0.0.1', 'macAddress': '', 'type': 'SoftwareLoopback', 'operationalStatus': 'Up'}, {'ipAddress': '::1', 'macAddress': '', 'type': 'SoftwareLoopback', 'operationalStatus': 'Up'}, {'ipAddress': 'fe80::5efe:10.168.252.172', 'macAddress': '00000000000000E0', 'type': 'Tunnel', 'operationalStatus': 'Down'}]"
22657cc8ee03491ea116946dd13a4fbdb859b290,hqskm16tv.cpc.com.tw,Onboarded,"[{'ipAddress': '10.168.252.204', 'macAddress': '00155DFCDA01', 'type': 'Ethernet', 'operationalStatus': 'Up'}, {'ipAddress': 'fe80::d22:449:8ee3:2f98', 'macAddress': '00155DFCDA01', 'type': 'Ethernet', 'operationalStatus': 'Up'}, {'ipAddress': '127.0.0.1', 'macAddress': '', 'type': 'SoftwareLoopback', 'operationalStatus': 'Up'}, {'ipAddress': '::1', 'macAddress': '', 'type': 'SoftwareLoopback', 'operationalStatus': 'Up'}, {'ipAddress': 'fe80::5efe:10.168.252.204', 'macAddress': '00000000000000E0', 'type': 'Tunnel', 'operationalStatus': 'Down'}]"
26e55a00625dcb7d62682ef44505c0e91adfda67,hqsimoap16tv.cpc.com.tw,Onboarded,"[{'ipAddress': '10.168.252.67', 'macAddress': '00155DFC3E0A', 'type': 'Ethernet', 'operationalStatus': 'Up'}, {'ipAddress': 'fe80::2570:d705:6d13:e06e', 'macAddress': '00155DFC3E0A', 'type': 'Ethernet', 'operationalStatus': 'Up'}, {'ipAddress': '127.0.0.1', 'macAddress': '', 'type': 'SoftwareLoopback', 'operationalStatus': 'Up'}, {'ipAddress': '::1', 'macAddress': '', 'type': 'SoftwareLoopback', 'operationalStatus': 'Up'}, {'ipAddress': 'fe80::5efe:10.168.252.67', 'macAddress': '00000000000000E0', 'type': 'Tunnel', 'operationalStatus': 'Down'}]"
2bde11b4d3a8af17eb8d6869282980899c5b8517,hqs2016sp1.cpc.com.tw,Onboarded,"[{'ipAddress': '10.168.252.87', 'macAddress': '1C98EC307F9C', 'type': 'Ethernet', 'operationalStatus': 'Up'}, {'ipAddress': 'fe80::58bc:e393:f19a:2102', 'macAddress': '1C98EC307F9C', 'type': 'Ethernet', 'operationalStatus': 'Up'}, {'ipAddress': '192.168.128.109', 'macAddress': '1C98EC307F9E', 'type': 'Ethernet', 'operationalStatus': 'Up'}, {'ipAddress': 'fe80::4443:a80e:ff72:c17c', 'macAddress': '1C98EC307F9E', 'type': 'Ethernet', 'operationalStatus': 'Up'}, {'ipAddress': '169.254.125.254', 'macAddress': '1C98EC307F9D', 'type': 'Ethernet', 'operationalStatus': 'Down'}, {'ipAddress': 'fe80::f91a:da36:553c:7dfe', 'macAddress': '1C98EC307F9D', 'type': 'Ethernet', 'operationalStatus': 'Down'}, {'ipAddress': '127.0.0.1', 'macAddress': '', 'type': 'SoftwareLoopback', 'operationalStatus': 'Up'}, {'ipAddress': '::1', 'macAddress': '', 'type': 'SoftwareLoopback', 'operationalStatus': 'Up'}, {'ipAddress': 'fe80::5efe:192.168.128.109', 'macAddress': '00000000000000E0', 'type': 'Tunnel', 'operationalStatus': 'Down'}, {'ipAddress': 'fe80::5efe:10.168.252.87', 'macAddress': '00000000000000E0', 'type': 'Tunnel', 'operationalStatus': 'Down'}]"
2cb31c6b66241618c80fc89882f5cc3953c1a4f7,hqstimsftp.cpc.com.tw,Onboarded,"[{'ipAddress': '10.168.252.89', 'macAddress': '00155DFCC100', 'type': 'Ethernet', 'operationalStatus': 'Up'}, {'ipAddress': 'fe80::b45e:d737:be9:2c73', 'macAddress': '00155DFCC100', 'type': 'Ethernet', 'operationalStatus': 'Up'}, {'ipAddress': '127.0.0.1', 'macAddress': '', 'type': 'SoftwareLoopback', 'operationalStatus': 'Up'}, {'ipAddress': '::1', 'macAddress': '', 'type': 'SoftwareLoopback', 'operationalStatus': 'Up'}, {'ipAddress': 'fe80::5efe:10.168.252.89', 'macAddress': '00000000000000E0', 'type': 'Tunnel', 'operationalStatus': 'Down'}]"
306f038912b314bcc0012175612cc26a68d89b36,hqstps.cpc.com.tw,Onboarded,"[{'ipAddress': '169.254.99.187', 'macAddress': '1C98EC307F83', 'type': 'Ethernet', 'operationalStatus': 'Down'}, {'ipAddress': 'fe80::f558:42e2:262f:63bb', 'macAddress': '1C98EC307F83', 'type': 'Ethernet', 'operationalStatus': 'Down'}, {'ipAddress': '169.254.88.154', 'macAddress': '1C98EC307F82', 'type': 'Ethernet', 'operationalStatus': 'Down'}, {'ipAddress': 'fe80::691e:26:30db:589a', 'macAddress': '1C98EC307F82', 'type': 'Ethernet', 'operationalStatus': 'Down'}, {'ipAddress': '10.168.252.63', 'macAddress': '1C98EC307F80', 'type': 'Ethernet', 'operationalStatus': 'Up'}, {'ipAddress': 'fe80::2d62:ee40:f5c3:1b5c', 'macAddress': '1C98EC307F80', 'type': 'Ethernet', 'operationalStatus': 'Up'}, {'ipAddress': '169.254.173.201', 'macAddress': '1C98EC307F81', 'type': 'Ethernet', 'operationalStatus': 'Down'}, {'ipAddress': 'fe80::3d7f:d375:e52:adc9', 'macAddress': '1C98EC307F81', 'type': 'Ethernet', 'operationalStatus': 'Down'}, {'ipAddress': '127.0.0.1', 'macAddress': '', 'type': 'SoftwareLoopback', 'operationalStatus': 'Up'}, {'ipAddress': '::1', 'macAddress': '', 'type': 'SoftwareLoopback', 'operationalStatus': 'Up'}]"
3155ec0c8f47e743426483b4459a3324f8ea2e54,hqsismsv.cpc.com.tw,Onboarded,"[{'ipAddress': '10.168.252.132', 'macAddress': '00155DFC9C01', 'type': 'Ethernet', 'operationalStatus': 'Up'}, {'ipAddress': 'fe80::216a:bdd6:e727:9a65', 'macAddress': '00155DFC9C01', 'type': 'Ethernet', 'operationalStatus': 'Up'}, {'ipAddress': '127.0.0.1', 'macAddress': '', 'type': 'SoftwareLoopback', 'operationalStatus': 'Up'}, {'ipAddress': '::1', 'macAddress': '', 'type': 'SoftwareLoopback', 'operationalStatus': 'Up'}]"
3379fc16c36fa601c67572febfc462090a715a1f,hqsimoap16v1.cpc.com.tw,Onboarded,"[{'ipAddress': '10.168.252.29', 'macAddress': '00155DFC3800', 'type': 'Ethernet', 'operationalStatus': 'Up'}, {'ipAddress': 'fe80::dd68:9a5:4a40:938', 'macAddress': '00155DFC3800', 'type': 'Ethernet', 'operationalStatus': 'Up'}, {'ipAddress': '127.0.0.1', 'macAddress': '', 'type': 'SoftwareLoopback', 'operationalStatus': 'Up'}, {'ipAddress': '::1', 'macAddress': '', 'type': 'SoftwareLoopback', 'operationalStatus': 'Up'}, {'ipAddress': 'fe80::5efe:10.168.252.29', 'macAddress': '00000000000000E0', 'type': 'Tunnel', 'operationalStatus': 'Down'}]"
351d4312f2e511211c544008024c02165663022d,hqsbdap01p.cpc.com.tw,Onboarded,"[{'ipAddress': '169.254.45.31', 'macAddress': 'ECEBB89BEED1', 'type': 'Ethernet', 'operationalStatus': 'Down'}, {'ipAddress': 'fe80::95c6:124f:ea8d:2d1f', 'macAddress': 'ECEBB89BEED1', 'type': 'Ethernet', 'operationalStatus': 'Down'}, {'ipAddress': '169.254.38.106', 'macAddress': 'ECEBB89BEED3', 'type': 'Ethernet', 'operationalStatus': 'Down'}, {'ipAddress': 'fe80::b593:23ff:32cf:266a', 'macAddress': 'ECEBB89BEED3', 'type': 'Ethernet', 'operationalStatus': 'Down'}, {'ipAddress': '169.254.221.46', 'macAddress': 'ECEBB89BEED2', 'type': 'Ethernet', 'operationalStatus': 'Down'}, {'ipAddress': 'fe80::508a:2c0d:59e5:dd2e', 'macAddress': 'ECEBB89BEED2', 'type': 'Ethernet', 'operationalStatus': 'Down'}, {'ipAddress': '10.168.230.1', 'macAddress': 'ECEBB89BEED0', 'type': 'Ethernet', 'operationalStatus': 'Up'}, {'ipAddress': 'fe80::f11a:5928:2707:eeb9', 'macAddress': 'ECEBB89BEED0', 'type': 'Ethernet', 'operationalStatus': 'Up'}, {'ipAddress': '127.0.0.1', 'macAddress': '', 'type': 'SoftwareLoopback', 'operationalStatus': 'Up'}, {'ipAddress': '::1', 'macAddress': '', 'type': 'SoftwareLoopback', 'operationalStatus': 'Up'}, {'ipAddress': 'fe80::5efe:10.168.230.1', 'macAddress': '00000000000000E0', 'type': 'Tunnel', 'operationalStatus': 'Down'}]"
38116a9f858582537ca72d0b577e81b818d4759d,hqschkmarxv.cpc.com.tw,Onboarded,"[{'ipAddress': '10.168.252.39', 'macAddress': '00155DFC0806', 'type': 'Ethernet', 'operationalStatus': 'Up'}, {'ipAddress': 'fe80::fc44:1539:9a4e:3608', 'macAddress': '00155DFC0806', 'type': 'Ethernet', 'operationalStatus': 'Up'}, {'ipAddress': '127.0.0.1', 'macAddress': '', 'type': 'SoftwareLoopback', 'operationalStatus': 'Up'}, {'ipAddress': '::1', 'macAddress': '', 'type': 'SoftwareLoopback', 'operationalStatus': 'Up'}, {'ipAddress': 'fe80::5efe:10.168.252.39', 'macAddress': '00000000000000E0', 'type': 'Tunnel', 'operationalStatus': 'Down'}]"
389373f3644a40f9e913b128eef1faf8a267d547,hqserdssn.cpc.com.tw,Onboarded,"[{'ipAddress': '169.254.219.13', 'macAddress': 'ECB1D783DFAB', 'type': 'Ethernet', 'operationalStatus': 'Down'}, {'ipAddress': 'fe80::f4ce:a956:62a7:db0d', 'macAddress': 'ECB1D783DFAB', 'type': 'Ethernet', 'operationalStatus': 'Down'}, {'ipAddress': '10.168.252.97', 'macAddress': 'ECB1D783DFA8', 'type': 'Ethernet', 'operationalStatus': 'Up'}, {'ipAddress': 'fe80::3c3c:734c:7969:d488', 'macAddress': 'ECB1D783DFA8', 'type': 'Ethernet', 'operationalStatus': 'Up'}, {'ipAddress': '169.254.189.193', 'macAddress': 'ECB1D783DFAA', 'type': 'Ethernet', 'operationalStatus': 'Down'}, {'ipAddress': 'fe80::554d:36fa:6eaa:bdc1', 'macAddress': 'ECB1D783DFAA', 'type': 'Ethernet', 'operationalStatus': 'Down'}, {'ipAddress': '169.254.27.72', 'macAddress': 'ECB1D783DFA9', 'type': 'Ethernet', 'operationalStatus': 'Down'}, {'ipAddress': 'fe80::3582:c9e2:2548:1b48', 'macAddress': 'ECB1D783DFA9', 'type': 'Ethernet', 'operationalStatus': 'Down'}, {'ipAddress': '127.0.0.1', 'macAddress': '', 'type': 'SoftwareLoopback', 'operationalStatus': 'Up'}, {'ipAddress': '::1', 'macAddress': '', 'type': 'SoftwareLoopback', 'operationalStatus': 'Up'}, {'ipAddress': 'fe80::5efe:10.168.252.97', 'macAddress': '00000000000000E0', 'type': 'Tunnel', 'operationalStatus': 'Down'}]"
3abae9a873fac9ff3eb4366591f4cec0555b0bde,hqspipedbv.cpc.com.tw,Onboarded,"[{'ipAddress': '10.168.252.213', 'macAddress': '00155DFC4003', 'type': 'Ethernet', 'operationalStatus': 'Up'}, {'ipAddress': 'fe80::fd5e:f588:3afe:34c4', 'macAddress': '00155DFC4003', 'type': 'Ethernet', 'operationalStatus': 'Up'}, {'ipAddress': '127.0.0.1', 'macAddress': None, 'type': 'SoftwareLoopback', 'operationalStatus': 'Up'}, {'ipAddress': '::1', 'macAddress': None, 'type': 'SoftwareLoopback', 'operationalStatus': 'Up'}, {'ipAddress': 'fe80::5efe:10.168.252.213', 'macAddress': '00000000000000E0', 'type': 'Tunnel', 'operationalStatus': 'Down'}]"
3b5825f26ecc5fcc129b94791eae512e73393c34,hqsbdap03p.cpc.com.tw,Onboarded,"[{'ipAddress': '169.254.78.60', 'macAddress': 'ECEBB89BEB8E', 'type': 'Ethernet', 'operationalStatus': 'Down'}, {'ipAddress': 'fe80::d181:c1c8:73ad:4e3c', 'macAddress': 'ECEBB89BEB8E', 'type': 'Ethernet', 'operationalStatus': 'Down'}, {'ipAddress': '169.254.130.225', 'macAddress': 'ECEBB89BEB8D', 'type': 'Ethernet', 'operationalStatus': 'Down'}, {'ipAddress': 'fe80::2957:c6d4:96d7:82e1', 'macAddress': 'ECEBB89BEB8D', 'type': 'Ethernet', 'operationalStatus': 'Down'}, {'ipAddress': '169.254.66.135', 'macAddress': 'ECEBB89BEB8F', 'type': 'Ethernet', 'operationalStatus': 'Down'}, {'ipAddress': 'fe80::697f:d44:76:4287', 'macAddress': 'ECEBB89BEB8F', 'type': 'Ethernet', 'operationalStatus': 'Down'}, {'ipAddress': '10.168.230.3', 'macAddress': 'ECEBB89BEB8C', 'type': 'Ethernet', 'operationalStatus': 'Up'}, {'ipAddress': 'fe80::348c:d9b5:cb82:21', 'macAddress': 'ECEBB89BEB8C', 'type': 'Ethernet', 'operationalStatus': 'Up'}, {'ipAddress': '127.0.0.1', 'macAddress': '', 'type': 'SoftwareLoopback', 'operationalStatus': 'Up'}, {'ipAddress': '::1', 'macAddress': '', 'type': 'SoftwareLoopback', 'operationalStatus': 'Up'}, {'ipAddress': 'fe80::5efe:10.168.230.3', 'macAddress': '00000000000000E0', 'type': 'Tunnel', 'operationalStatus': 'Down'}]"
3c1391d9ca3099b69d30767241afaf4549e12a7f,hqsfile1.cpc.com.tw,Onboarded,"[{'ipAddress': '169.254.140.188', 'macAddress': '9418826ECD03', 'type': 'Ethernet', 'operationalStatus': 'Down'}, {'ipAddress': 'fe80::a4de:46cc:3cf4:8cbc', 'macAddress': '9418826ECD03', 'type': 'Ethernet', 'operationalStatus': 'Down'}, {'ipAddress': '169.254.23.124', 'macAddress': '9418826ECD01', 'type': 'Ethernet', 'operationalStatus': 'Down'}, {'ipAddress': 'fe80::6ca7:bb:7970:177c', 'macAddress': '9418826ECD01', 'type': 'Ethernet', 'operationalStatus': 'Down'}, {'ipAddress': '10.168.252.161', 'macAddress': '9418826ECD00', 'type': 'Ethernet', 'operationalStatus': 'Up'}, {'ipAddress': '169.254.2.173', 'macAddress': '9418826ECD02', 'type': 'Ethernet', 'operationalStatus': 'Down'}, {'ipAddress': 'fe80::d07c:3304:1221:2ad', 'macAddress': '9418826ECD02', 'type': 'Ethernet', 'operationalStatus': 'Down'}, {'ipAddress': '127.0.0.1', 'macAddress': '', 'type': 'SoftwareLoopback', 'operationalStatus': 'Up'}, {'ipAddress': '::1', 'macAddress': '', 'type': 'SoftwareLoopback', 'operationalStatus': 'Up'}, {'ipAddress': 'fe80::5efe:10.168.252.161', 'macAddress': '00000000000000E0', 'type': 'Tunnel', 'operationalStatus': 'Down'}]"
485e5f3afdafe11a1f552dc6fe16553be363b0f7,hqsscomsql16v.cpc.com.tw,Onboarded,"[{'ipAddress': '10.168.252.79', 'macAddress': '00155DFC8501', 'type': 'Ethernet', 'operationalStatus': 'Up'}, {'ipAddress': 'fe80::e87d:47ee:57c0:a4d6', 'macAddress': '00155DFC8501', 'type': 'Ethernet', 'operationalStatus': 'Up'}, {'ipAddress': '127.0.0.1', 'macAddress': '', 'type': 'SoftwareLoopback', 'operationalStatus': 'Up'}, {'ipAddress': '::1', 'macAddress': '', 'type': 'SoftwareLoopback', 'operationalStatus': 'Up'}, {'ipAddress': 'fe80::5efe:10.168.252.79', 'macAddress': '00000000000000E0', 'type': 'Tunnel', 'operationalStatus': 'Down'}]"
4bdc72286e97a08c2e910cf50b3c2c3feb1b8409,hqsvr11.cpc.com.tw,Onboarded,"[{'ipAddress': '169.254.56.33', 'macAddress': 'ECEBB89B7C1B', 'type': 'Ethernet', 'operationalStatus': 'Down'}, {'ipAddress': 'fe80::6ddf:9ed:f4d4:3821', 'macAddress': 'ECEBB89B7C1B', 'type': 'Ethernet', 'operationalStatus': 'Down'}, {'ipAddress': '169.254.137.108', 'macAddress': 'ECEBB89B7C1A', 'type': 'Ethernet', 'operationalStatus': 'Down'}, {'ipAddress': 'fe80::2c55:60e2:e142:896c', 'macAddress': 'ECEBB89B7C1A', 'type': 'Ethernet', 'operationalStatus': 'Down'}, {'ipAddress': '10.168.252.62', 'macAddress': 'ECEBB89B7C18', 'type': 'Ethernet', 'operationalStatus': 'Up'}, {'ipAddress': 'fe80::7817:42ed:4087:2adc', 'macAddress': 'ECEBB89B7C18', 'type': 'Ethernet', 'operationalStatus': 'Up'}, {'ipAddress': '127.0.0.1', 'macAddress': '', 'type': 'SoftwareLoopback', 'operationalStatus': 'Up'}, {'ipAddress': '::1', 'macAddress': '', 'type': 'SoftwareLoopback', 'operationalStatus': 'Up'}, {'ipAddress': 'fe80::5efe:10.168.252.62', 'macAddress': '00000000000000E0', 'type': 'Tunnel', 'operationalStatus': 'Down'}]"
5199788f285a754af148009b705d4ea3c3eeb7d3,hqslg16p.cpc.com.tw,Onboarded,"[{'ipAddress': '169.254.163.171', 'macAddress': 'B88303474AEA', 'type': 'Ethernet', 'operationalStatus': 'Down'}, {'ipAddress': '192.168.129.103', 'macAddress': 'B88303474AEA', 'type': 'Ethernet', 'operationalStatus': 'Down'}, {'ipAddress': 'fe80::790c:8173:f881:a3ab', 'macAddress': 'B88303474AEA', 'type': 'Ethernet', 'operationalStatus': 'Down'}, {'ipAddress': '192.168.129.104', 'macAddress': 'B88303474AEB', 'type': 'Ethernet', 'operationalStatus': 'Up'}, {'ipAddress': 'fe80::38a1:e8a0:8df1:31ce', 'macAddress': 'B88303474AEB', 'type': 'Ethernet', 'operationalStatus': 'Up'}, {'ipAddress': '10.168.252.226', 'macAddress': 'B88303474AE8', 'type': 'Ethernet', 'operationalStatus': 'Up'}, {'ipAddress': 'fe80::45af:d661:d0f6:7fcc', 'macAddress': 'B88303474AE8', 'type': 'Ethernet', 'operationalStatus': 'Up'}, {'ipAddress': '127.0.0.1', 'macAddress': '', 'type': 'SoftwareLoopback', 'operationalStatus': 'Up'}, {'ipAddress': '::1', 'macAddress': '', 'type': 'SoftwareLoopback', 'operationalStatus': 'Up'}, {'ipAddress': 'fe80::5efe:10.168.252.226', 'macAddress': '00000000000000E0', 'type': 'Tunnel', 'operationalStatus': 'Down'}, {'ipAddress': 'fe80::5efe:192.168.129.104', 'macAddress': '00000000000000E0', 'type': 'Tunnel', 'operationalStatus': 'Down'}]"
579c7a9e941ba6709bfe09c351d579b0c6e219fd,hqsap02.cpc.com.tw,Onboarded,"[{'ipAddress': '169.254.222.40', 'macAddress': 'BC305BF084AC', 'type': 'Ethernet', 'operationalStatus': 'Down'}, {'ipAddress': 'fe80::2931:94b1:7e00:de28', 'macAddress': 'BC305BF084AC', 'type': 'Ethernet', 'operationalStatus': 'Down'}, {'ipAddress': '10.168.252.104', 'macAddress': 'BC305BF084A8', 'type': 'Ethernet', 'operationalStatus': 'Up'}, {'ipAddress': '169.254.16.62', 'macAddress': 'BC305BF084AA', 'type': 'Ethernet', 'operationalStatus': 'Down'}, {'ipAddress': 'fe80::1587:f128:841a:103e', 'macAddress': 'BC305BF084AA', 'type': 'Ethernet', 'operationalStatus': 'Down'}, {'ipAddress': '169.254.52.63', 'macAddress': 'BC305BF084AD', 'type': 'Ethernet', 'operationalStatus': 'Down'}, {'ipAddress': 'fe80::7031:4d02:1d94:343f', 'macAddress': 'BC305BF084AD', 'type': 'Ethernet', 'operationalStatus': 'Down'}, {'ipAddress': '127.0.0.1', 'macAddress': '', 'type': 'SoftwareLoopback', 'operationalStatus': 'Up'}, {'ipAddress': '::1', 'macAddress': '', 'type': 'SoftwareLoopback', 'operationalStatus': 'Up'}, {'ipAddress': 'fe80::5efe:10.168.252.104', 'macAddress': '00000000000000E0', 'type': 'Tunnel', 'operationalStatus': 'Down'}]"
5a5da51654c025ca4bc37a75abe76b112befc1bc,hqsimoap16tv2.cpc.com.tw,Onboarded,"[{'ipAddress': '10.168.252.67', 'macAddress': '00155DFC3E0E', 'type': 'Ethernet', 'operationalStatus': 'Up'}, {'ipAddress': 'fe80::285a:ec83:592b:2762', 'macAddress': '00155DFC3E0E', 'type': 'Ethernet', 'operationalStatus': 'Up'}, {'ipAddress': '127.0.0.1', 'macAddress': '', 'type': 'SoftwareLoopback', 'operationalStatus': 'Up'}, {'ipAddress': '::1', 'macAddress': '', 'type': 'SoftwareLoopback', 'operationalStatus': 'Up'}, {'ipAddress': 'fe80::5efe:10.168.252.67', 'macAddress': '00000000000000E0', 'type': 'Tunnel', 'operationalStatus': 'Down'}]"
69468cfb00aac3704aaadb9d4277698416de70b4,hqspiaf.cpc.com.tw,Onboarded,"[{'ipAddress': '10.168.252.18', 'macAddress': '00155DFCED00', 'type': 'Ethernet', 'operationalStatus': 'Up'}, {'ipAddress': 'fe80::9104:bb2c:fefd:7a0', 'macAddress': '00155DFCED00', 'type': 'Ethernet', 'operationalStatus': 'Up'}, {'ipAddress': '127.0.0.1', 'macAddress': '', 'type': 'SoftwareLoopback', 'operationalStatus': 'Up'}, {'ipAddress': '::1', 'macAddress': '', 'type': 'SoftwareLoopback', 'operationalStatus': 'Up'}, {'ipAddress': 'fe80::5efe:10.168.252.18', 'macAddress': '00000000000000E0', 'type': 'Tunnel', 'operationalStatus': 'Down'}]"
742b16b5438a091fb68f3ec1e9ce128bdab33d69,hqsssc1.cpc.com.tw,Onboarded,"[{'ipAddress': '10.168.252.42', 'macAddress': '00155DFCA400', 'type': 'Ethernet', 'operationalStatus': 'Up'}, {'ipAddress': 'fe80::3104:8e1a:3d72:352d', 'macAddress': '00155DFCA400', 'type': 'Ethernet', 'operationalStatus': 'Up'}, {'ipAddress': '127.0.0.1', 'macAddress': '', 'type': 'SoftwareLoopback', 'operationalStatus': 'Up'}, {'ipAddress': '::1', 'macAddress': '', 'type': 'SoftwareLoopback', 'operationalStatus': 'Up'}, {'ipAddress': 'fe80::5efe:10.168.252.42', 'macAddress': '00000000000000E0', 'type': 'Tunnel', 'operationalStatus': 'Down'}]"
769816165161f8ae9e5492cb6033af95a74ad64d,hqstpwu5.cpc.com.tw,Onboarded,"[{'ipAddress': '10.168.252.68', 'macAddress': '00155DFC0807', 'type': 'Ethernet', 'operationalStatus': 'Up'}, {'ipAddress': '10.168.252.184', 'macAddress': '00155DFC0807', 'type': 'Ethernet', 'operationalStatus': 'Up'}, {'ipAddress': 'fe80::dcdc:8caf:60af:6ca0', 'macAddress': '00155DFC0807', 'type': 'Ethernet', 'operationalStatus': 'Up'}, {'ipAddress': '127.0.0.1', 'macAddress': '', 'type': 'SoftwareLoopback', 'operationalStatus': 'Up'}, {'ipAddress': '::1', 'macAddress': '', 'type': 'SoftwareLoopback', 'operationalStatus': 'Up'}, {'ipAddress': 'fe80::5efe:10.168.252.68', 'macAddress': '00000000000000E0', 'type': 'Tunnel', 'operationalStatus': 'Down'}, {'ipAddress': 'fe80::5efe:10.168.252.184', 'macAddress': '00000000000000E0', 'type': 'Tunnel', 'operationalStatus': 'Down'}]"
778c985dfae8dfbfba5f8d93dd1724da455e43d7,hqsftp.cpc.com.tw,Onboarded,"[{'ipAddress': '10.168.252.34', 'macAddress': '00155DFCC209', 'type': 'Ethernet', 'operationalStatus': 'Up'}, {'ipAddress': 'fe80::a822:17:a666:21a0', 'macAddress': '00155DFCC209', 'type': 'Ethernet', 'operationalStatus': 'Up'}, {'ipAddress': '127.0.0.1', 'macAddress': '', 'type': 'SoftwareLoopback', 'operationalStatus': 'Up'}, {'ipAddress': '::1', 'macAddress': '', 'type': 'SoftwareLoopback', 'operationalStatus': 'Up'}, {'ipAddress': 'fe80::5efe:10.168.252.34', 'macAddress': '00000000000000E0', 'type': 'Tunnel', 'operationalStatus': 'Down'}]"
7ae735184c939dce303127084f6db3cdbfa2c051,hqskm16v.cpc.com.tw,Onboarded,"[{'ipAddress': '10.168.252.203', 'macAddress': '00155DFCDA00', 'type': 'Ethernet', 'operationalStatus': 'Up'}, {'ipAddress': 'fe80::9972:6a83:55ef:2ad8', 'macAddress': '00155DFCDA00', 'type': 'Ethernet', 'operationalStatus': 'Up'}, {'ipAddress': '127.0.0.1', 'macAddress': '', 'type': 'SoftwareLoopback', 'operationalStatus': 'Up'}, {'ipAddress': '::1', 'macAddress': '', 'type': 'SoftwareLoopback', 'operationalStatus': 'Up'}, {'ipAddress': 'fe80::5efe:10.168.252.203', 'macAddress': '00000000000000E0', 'type': 'Tunnel', 'operationalStatus': 'Down'}]"
7fc208223d4aaf7b008648905f0dfac15c14da70,hqseisap.cpc.com.tw,Onboarded,"[{'ipAddress': '169.254.125.153', 'macAddress': '30E171701782', 'type': 'Ethernet', 'operationalStatus': 'Down'}, {'ipAddress': 'fe80::e4f0:416e:a89a:7d99', 'macAddress': '30E171701782', 'type': 'Ethernet', 'operationalStatus': 'Down'}, {'ipAddress': '169.254.123.198', 'macAddress': '30E171701781', 'type': 'Ethernet', 'operationalStatus': 'Down'}, {'ipAddress': 'fe80::5490:455b:f025:7bc6', 'macAddress': '30E171701781', 'type': 'Ethernet', 'operationalStatus': 'Down'}, {'ipAddress': '169.254.193.94', 'macAddress': '30E171701783', 'type': 'Ethernet', 'operationalStatus': 'Down'}, {'ipAddress': 'fe80::9942:1d4b:9d3f:c15e', 'macAddress': '30E171701783', 'type': 'Ethernet', 'operationalStatus': 'Down'}, {'ipAddress': '10.168.252.152', 'macAddress': '30E171701780', 'type': 'Ethernet', 'operationalStatus': 'Up'}, {'ipAddress': '127.0.0.1', 'macAddress': '', 'type': 'SoftwareLoopback', 'operationalStatus': 'Up'}, {'ipAddress': '::1', 'macAddress': '', 'type': 'SoftwareLoopback', 'operationalStatus': 'Up'}, {'ipAddress': 'fe80::5efe:10.168.252.152', 'macAddress': '00000000000000E0', 'type': 'Tunnel', 'operationalStatus': 'Down'}]"
826ae18b84029476be136c11ffe9629df777a093,hqskmap01p.cpc.com.tw,Onboarded,"[{'ipAddress': '10.168.252.57', 'macAddress': '1C98EC30BFF4', 'type': 'Ethernet', 'operationalStatus': 'Up'}, {'ipAddress': 'fe80::706c:15f9:a899:fac2', 'macAddress': '1C98EC30BFF4', 'type': 'Ethernet', 'operationalStatus': 'Up'}, {'ipAddress': '169.254.100.85', 'macAddress': '1C98EC30BFF7', 'type': 'Ethernet', 'operationalStatus': 'Down'}, {'ipAddress': 'fe80::8d2d:be74:e834:6455', 'macAddress': '1C98EC30BFF7', 'type': 'Ethernet', 'operationalStatus': 'Down'}, {'ipAddress': '169.254.76.163', 'macAddress': '1C98EC30BFF5', 'type': 'Ethernet', 'operationalStatus': 'Down'}, {'ipAddress': 'fe80::a8df:db97:3b89:4ca3', 'macAddress': '1C98EC30BFF5', 'type': 'Ethernet', 'operationalStatus': 'Down'}, {'ipAddress': '169.254.13.135', 'macAddress': '1C98EC30BFF6', 'type': 'Ethernet', 'operationalStatus': 'Down'}, {'ipAddress': 'fe80::8d44:1add:4260:d87', 'macAddress': '1C98EC30BFF6', 'type': 'Ethernet', 'operationalStatus': 'Down'}, {'ipAddress': '127.0.0.1', 'macAddress': '', 'type': 'SoftwareLoopback', 'operationalStatus': 'Up'}, {'ipAddress': '::1', 'macAddress': '', 'type': 'SoftwareLoopback', 'operationalStatus': 'Up'}]"
84ac03824f33663dd73e36efa95f3480b0db5b64,hqsimosql17p2.cpc.com.tw,Onboarded,"[{'ipAddress': '169.254.206.27', 'macAddress': 'B88303474C53', 'type': 'Ethernet', 'operationalStatus': 'Down'}, {'ipAddress': 'fe80::e94d:e8b7:290c:ce1b', 'macAddress': 'B88303474C53', 'type': 'Ethernet', 'operationalStatus': 'Down'}, {'ipAddress': '169.254.82.162', 'macAddress': 'B88303474C51', 'type': 'Ethernet', 'operationalStatus': 'Down'}, {'ipAddress': 'fe80::1d0d:7b65:e0b8:52a2', 'macAddress': 'B88303474C51', 'type': 'Ethernet', 'operationalStatus': 'Down'}, {'ipAddress': '169.254.9.163', 'macAddress': 'B88303474C52', 'type': 'Ethernet', 'operationalStatus': 'Down'}, {'ipAddress': 'fe80::d19b:fcae:f125:9a3', 'macAddress': 'B88303474C52', 'type': 'Ethernet', 'operationalStatus': 'Down'}, {'ipAddress': '10.168.252.178', 'macAddress': 'B88303474C50', 'type': 'Ethernet', 'operationalStatus': 'Up'}, {'ipAddress': 'fe80::e5d5:3f21:4ea9:26e6', 'macAddress': 'B88303474C50', 'type': 'Ethernet', 'operationalStatus': 'Up'}, {'ipAddress': '127.0.0.1', 'macAddress': '', 'type': 'SoftwareLoopback', 'operationalStatus': 'Up'}, {'ipAddress': '::1', 'macAddress': '', 'type': 'SoftwareLoopback', 'operationalStatus': 'Up'}, {'ipAddress': 'fe80::5efe:10.168.252.178', 'macAddress': '00000000000000E0', 'type': 'Tunnel', 'operationalStatus': 'Down'}]"
8860405ca1e9c62ba7c9a8396cb78d80c18b3463,hqsbdap02p.cpc.com.tw,Onboarded,"[{'ipAddress': '169.254.13.1', 'macAddress': 'ECEBB89B6E4B', 'type': 'Ethernet', 'operationalStatus': 'Down'}, {'ipAddress': 'fe80::385f:92a6:e5e6:d01', 'macAddress': 'ECEBB89B6E4B', 'type': 'Ethernet', 'operationalStatus': 'Down'}, {'ipAddress': '169.254.65.216', 'macAddress': 'ECEBB89B6E4A', 'type': 'Ethernet', 'operationalStatus': 'Down'}, {'ipAddress': 'fe80::9dea:ba7f:e471:41d8', 'macAddress': 'ECEBB89B6E4A', 'type': 'Ethernet', 'operationalStatus': 'Down'}, {'ipAddress': '169.254.150.33', 'macAddress': 'ECEBB89B6E49', 'type': 'Ethernet', 'operationalStatus': 'Up'}, {'ipAddress': 'fe80::6133:b7d3:ebd1:9621', 'macAddress': 'ECEBB89B6E49', 'type': 'Ethernet', 'operationalStatus': 'Up'}, {'ipAddress': '10.168.230.2', 'macAddress': 'ECEBB89B6E48', 'type': 'Ethernet', 'operationalStatus': 'Up'}, {'ipAddress': 'fe80::6844:9175:a5f5:6c3a', 'macAddress': 'ECEBB89B6E48', 'type': 'Ethernet', 'operationalStatus': 'Up'}, {'ipAddress': '127.0.0.1', 'macAddress': '', 'type': 'SoftwareLoopback', 'operationalStatus': 'Up'}, {'ipAddress': '::1', 'macAddress': '', 'type': 'SoftwareLoopback', 'operationalStatus': 'Up'}, {'ipAddress': 'fe80::5efe:169.254.150.33', 'macAddress': '00000000000000E0', 'type': 'Tunnel', 'operationalStatus': 'Down'}, {'ipAddress': 'fe80::5efe:10.168.230.2', 'macAddress': '00000000000000E0', 'type': 'Tunnel', 'operationalStatus': 'Down'}]"
897ce5878df93ab1c0b95562516267e95c4d3b85,hqsdocjagent.cpc.com.tw,Onboarded,"[{'ipAddress': '10.168.252.101', 'macAddress': '00155DFC2400', 'type': 'Ethernet', 'operationalStatus': 'Up'}, {'ipAddress': 'fe80::8977:e58e:26dc:98aa', 'macAddress': '00155DFC2400', 'type': 'Ethernet', 'operationalStatus': 'Up'}, {'ipAddress': '127.0.0.1', 'macAddress': '', 'type': 'SoftwareLoopback', 'operationalStatus': 'Up'}, {'ipAddress': '::1', 'macAddress': '', 'type': 'SoftwareLoopback', 'operationalStatus': 'Up'}, {'ipAddress': 'fe80::5efe:10.168.252.101', 'macAddress': '00000000000000E0', 'type': 'Tunnel', 'operationalStatus': 'Down'}]"
8a558cb9b888ffe5b519e2f3e3d36ccba4482e89,hqna002900-8041.cpc.com.tw,Onboarded,"[{'ipAddress': '10.20.19.62', 'macAddress': '1C394795C538', 'type': 'Ethernet', 'operationalStatus': 'Down'}, {'ipAddress': '169.254.241.120', 'macAddress': '1C394795C538', 'type': 'Ethernet', 'operationalStatus': 'Down'}, {'ipAddress': '2001:b032:b:1019::19:66', 'macAddress': '1C394795C538', 'type': 'Ethernet', 'operationalStatus': 'Down'}, {'ipAddress': '2001:b032:b:1151::151:4', 'macAddress': '1C394795C538', 'type': 'Ethernet', 'operationalStatus': 'Down'}, {'ipAddress': 'fe80::1e39:47ff:fe95:c538', 'macAddress': '1C394795C538', 'type': 'Ethernet', 'operationalStatus': 'Down'}, {'ipAddress': '169.254.77.208', 'macAddress': '00FFB06ACCFA', 'type': 'Ethernet', 'operationalStatus': 'Down'}, {'ipAddress': 'fe80::2ff:b0ff:fe6a:ccfa', 'macAddress': '00FFB06ACCFA', 'type': 'Ethernet', 'operationalStatus': 'Down'}, {'ipAddress': '169.254.7.46', 'macAddress': '6480998DAC2B', 'type': 'IEEE80211', 'operationalStatus': 'Down'}, {'ipAddress': 'fe80::6680:99ff:fe8d:ac2b', 'macAddress': '6480998DAC2B', 'type': 'IEEE80211', 'operationalStatus': 'Down'}, {'ipAddress': '169.254.188.232', 'macAddress': '6680998DAC2A', 'type': 'IEEE80211', 'operationalStatus': 'Down'}, {'ipAddress': 'fe80::6480:99ff:fe8d:ac2a', 'macAddress': '6680998DAC2A', 'type': 'IEEE80211', 'operationalStatus': 'Down'}, {'ipAddress': '10.168.168.27', 'macAddress': '6480998DAC2A', 'type': 'IEEE80211', 'operationalStatus': 'Up'}, {'ipAddress': 'fe80::6680:99ff:fe8d:ac2a', 'macAddress': '6480998DAC2A', 'type': 'IEEE80211', 'operationalStatus': 'Up'}, {'ipAddress': '127.0.0.1', 'macAddress': None, 'type': 'SoftwareLoopback', 'operationalStatus': 'Up'}, {'ipAddress': '::1', 'macAddress': None, 'type': 'SoftwareLoopback', 'operationalStatus': 'Up'}]"
8a5e0763f73c37a48bd5ba6359f24ba6de5ef1d4,hqsotp16p2.cpc.com.tw,Onboarded,"[{'ipAddress': '169.254.4.37', 'macAddress': 'B883034743FB', 'type': 'Ethernet', 'operationalStatus': 'Down'}, {'ipAddress': 'fe80::3cb6:8f27:8b34:425', 'macAddress': 'B883034743FB', 'type': 'Ethernet', 'operationalStatus': 'Down'}, {'ipAddress': '169.254.211.68', 'macAddress': 'B883034743F9', 'type': 'Ethernet', 'operationalStatus': 'Down'}, {'ipAddress': 'fe80::417b:15b9:1965:d344', 'macAddress': 'B883034743F9', 'type': 'Ethernet', 'operationalStatus': 'Down'}, {'ipAddress': '169.254.100.6', 'macAddress': 'B883034743FA', 'type': 'Ethernet', 'operationalStatus': 'Down'}, {'ipAddress': 'fe80::82:21dd:a944:6406', 'macAddress': 'B883034743FA', 'type': 'Ethernet', 'operationalStatus': 'Down'}, {'ipAddress': '10.168.252.186', 'macAddress': 'B883034743F8', 'type': 'Ethernet', 'operationalStatus': 'Up'}, {'ipAddress': 'fe80::2552:5c8d:c400:f093', 'macAddress': 'B883034743F8', 'type': 'Ethernet', 'operationalStatus': 'Up'}, {'ipAddress': '127.0.0.1', 'macAddress': '', 'type': 'SoftwareLoopback', 'operationalStatus': 'Up'}, {'ipAddress': '::1', 'macAddress': '', 'type': 'SoftwareLoopback', 'operationalStatus': 'Up'}, {'ipAddress': 'fe80::5efe:10.168.252.186', 'macAddress': '00000000000000E0', 'type': 'Tunnel', 'operationalStatus': 'Down'}]"
8a72150ee5a611a04077194d85a025f6b834f07b,hqswwwp.cpc.com.tw,Onboarded,"[{'ipAddress': '169.254.15.92', 'macAddress': 'ECEBB89BBE2F', 'type': 'Ethernet', 'operationalStatus': 'Down'}, {'ipAddress': 'fe80::87e:96ad:5ae:f5c', 'macAddress': 'ECEBB89BBE2F', 'type': 'Ethernet', 'operationalStatus': 'Down'}, {'ipAddress': '169.254.70.88', 'macAddress': 'ECEBB89BBE2C', 'type': 'Ethernet', 'operationalStatus': 'Down'}, {'ipAddress': 'fe80::c57:c6:921a:4658', 'macAddress': 'ECEBB89BBE2C', 'type': 'Ethernet', 'operationalStatus': 'Down'}, {'ipAddress': '169.254.140.40', 'macAddress': 'ECEBB89BBE2E', 'type': 'Ethernet', 'operationalStatus': 'Up'}, {'ipAddress': 'fe80::7c9f:126d:3e51:8c28', 'macAddress': 'ECEBB89BBE2E', 'type': 'Ethernet', 'operationalStatus': 'Up'}, {'ipAddress': '10.168.252.28', 'macAddress': 'ECEBB89BBE2D', 'type': 'Ethernet', 'operationalStatus': 'Up'}, {'ipAddress': 'fe80::8c6e:bb70:7094:86f', 'macAddress': 'ECEBB89BBE2D', 'type': 'Ethernet', 'operationalStatus': 'Up'}, {'ipAddress': '127.0.0.1', 'macAddress': '', 'type': 'SoftwareLoopback', 'operationalStatus': 'Up'}, {'ipAddress': '::1', 'macAddress': '', 'type': 'SoftwareLoopback', 'operationalStatus': 'Up'}, {'ipAddress': 'fe80::5efe:10.168.252.28', 'macAddress': '00000000000000E0', 'type': 'Tunnel', 'operationalStatus': 'Down'}, {'ipAddress': 'fe80::5efe:169.254.140.40', 'macAddress': '00000000000000E0', 'type': 'Tunnel', 'operationalStatus': 'Down'}]"
8b63b4a13d94ad8759d4d3a51fa2e1b5c903cfce,hqsomsdbv.cpc.com.tw,Onboarded,"[{'ipAddress': '10.168.252.31', 'macAddress': '00155DC79D01', 'type': 'Ethernet', 'operationalStatus': 'Up'}, {'ipAddress': 'fe80::c1bf:bf1e:83c4:1e77', 'macAddress': '00155DC79D01', 'type': 'Ethernet', 'operationalStatus': 'Up'}, {'ipAddress': '127.0.0.1', 'macAddress': '', 'type': 'SoftwareLoopback', 'operationalStatus': 'Up'}, {'ipAddress': '::1', 'macAddress': '', 'type': 'SoftwareLoopback', 'operationalStatus': 'Up'}]"
8d62a5af58f9248b6209e8554fdc508dca275ad5,hqskm16p.cpc.com.tw,Onboarded,"[{'ipAddress': '169.254.28.21', 'macAddress': 'B88303474C46', 'type': 'Ethernet', 'operationalStatus': 'Down'}, {'ipAddress': 'fe80::5c62:8857:7e39:1c15', 'macAddress': 'B88303474C46', 'type': 'Ethernet', 'operationalStatus': 'Down'}, {'ipAddress': '10.168.252.218', 'macAddress': 'B88303474C44', 'type': 'Ethernet', 'operationalStatus': 'Up'}, {'ipAddress': 'fe80::55ea:372b:b850:b4e7', 'macAddress': 'B88303474C44', 'type': 'Ethernet', 'operationalStatus': 'Up'}, {'ipAddress': '192.168.129.109', 'macAddress': 'B88303474C47', 'type': 'Ethernet', 'operationalStatus': 'Up'}, {'ipAddress': 'fe80::591f:2b09:8f51:adb', 'macAddress': 'B88303474C47', 'type': 'Ethernet', 'operationalStatus': 'Up'}, {'ipAddress': '127.0.0.1', 'macAddress': '', 'type': 'SoftwareLoopback', 'operationalStatus': 'Up'}, {'ipAddress': '::1', 'macAddress': '', 'type': 'SoftwareLoopback', 'operationalStatus': 'Up'}, {'ipAddress': 'fe80::5efe:10.168.252.218', 'macAddress': '00000000000000E0', 'type': 'Tunnel', 'operationalStatus': 'Down'}, {'ipAddress': 'fe80::5efe:192.168.129.109', 'macAddress': '00000000000000E0', 'type': 'Tunnel', 'operationalStatus': 'Down'}]"
97078c8445b15ca46a182dc4cf574d73a90b14a9,hqsdoc16n5.cpc.com.tw,Onboarded,"[{'ipAddress': '169.254.121.59', 'macAddress': 'B8830347489E', 'type': 'Ethernet', 'operationalStatus': 'Down'}, {'ipAddress': 'fe80::8482:dc78:de53:793b', 'macAddress': 'B8830347489E', 'type': 'Ethernet', 'operationalStatus': 'Down'}, {'ipAddress': '169.254.105.241', 'macAddress': 'B8830347489D', 'type': 'Ethernet', 'operationalStatus': 'Down'}, {'ipAddress': 'fe80::7d25:e02:8f1b:69f1', 'macAddress': 'B8830347489D', 'type': 'Ethernet', 'operationalStatus': 'Down'}, {'ipAddress': '169.254.200.178', 'macAddress': 'B8830347489F', 'type': 'Ethernet', 'operationalStatus': 'Down'}, {'ipAddress': 'fe80::2045:bab2:5eeb:c8b2', 'macAddress': 'B8830347489F', 'type': 'Ethernet', 'operationalStatus': 'Down'}, {'ipAddress': '10.168.252.117', 'macAddress': 'B8830347489C', 'type': 'Ethernet', 'operationalStatus': 'Up'}, {'ipAddress': 'fe80::9c29:5c17:c195:ea5f', 'macAddress': 'B8830347489C', 'type': 'Ethernet', 'operationalStatus': 'Up'}, {'ipAddress': '127.0.0.1', 'macAddress': '', 'type': 'SoftwareLoopback', 'operationalStatus': 'Up'}, {'ipAddress': '::1', 'macAddress': '', 'type': 'SoftwareLoopback', 'operationalStatus': 'Up'}, {'ipAddress': 'fe80::5efe:10.168.252.117', 'macAddress': '00000000000000E0', 'type': 'Tunnel', 'operationalStatus': 'Down'}]"
991125b8552446ab04631b95dd99ed76ffe92ca6,hqsarcgistv.cpc.com.tw,Onboarded,"[{'ipAddress': '10.168.252.45', 'macAddress': '00155DFC0802', 'type': 'Ethernet', 'operationalStatus': 'Up'}, {'ipAddress': 'fe80::2456:e58b:1e93:7c20', 'macAddress': '00155DFC0802', 'type': 'Ethernet', 'operationalStatus': 'Up'}, {'ipAddress': '127.0.0.1', 'macAddress': '', 'type': 'SoftwareLoopback', 'operationalStatus': 'Up'}, {'ipAddress': '::1', 'macAddress': '', 'type': 'SoftwareLoopback', 'operationalStatus': 'Up'}, {'ipAddress': 'fe80::5efe:10.168.252.45', 'macAddress': '00000000000000E0', 'type': 'Tunnel', 'operationalStatus': 'Down'}]"
9bc89e0085ec20d869f9dcf36a92764904708941,hqssdcs,Onboarded,"[{'ipAddress': '192.168.1.135', 'macAddress': '00155DF26C00', 'type': 'Ethernet', 'operationalStatus': 'Up'}, {'ipAddress': '2001:b032:b:1921:4864:4a43:1b12:46c7', 'macAddress': '00155DF26C00', 'type': 'Ethernet', 'operationalStatus': 'Up'}, {'ipAddress': 'fe80::4864:4a43:1b12:46c7', 'macAddress': '00155DF26C00', 'type': 'Ethernet', 'operationalStatus': 'Up'}, {'ipAddress': '127.0.0.1', 'macAddress': '', 'type': 'SoftwareLoopback', 'operationalStatus': 'Up'}, {'ipAddress': '::1', 'macAddress': '', 'type': 'SoftwareLoopback', 'operationalStatus': 'Up'}, {'ipAddress': 'fe80::5efe:192.168.1.135', 'macAddress': '00000000000000E0', 'type': 'Tunnel', 'operationalStatus': 'Down'}, {'ipAddress': 'fe80::ffff:ffff:fffe', 'macAddress': '00000000000000E0', 'type': 'Tunnel', 'operationalStatus': 'Down'}]"
a79488a309b949d1a41f3eb49a8576d158827ed8,hqsottst.cpc.com.tw,Onboarded,"[{'ipAddress': '10.168.252.211', 'macAddress': '00155DFC0808', 'type': 'Ethernet', 'operationalStatus': 'Up'}, {'ipAddress': 'fe80::6446:4821:7395:68fe', 'macAddress': '00155DFC0808', 'type': 'Ethernet', 'operationalStatus': 'Up'}, {'ipAddress': '127.0.0.1', 'macAddress': '', 'type': 'SoftwareLoopback', 'operationalStatus': 'Up'}, {'ipAddress': '::1', 'macAddress': '', 'type': 'SoftwareLoopback', 'operationalStatus': 'Up'}, {'ipAddress': 'fe80::5efe:10.168.252.211', 'macAddress': '00000000000000E0', 'type': 'Tunnel', 'operationalStatus': 'Down'}]"
a82fa9d905b2c25815d6bb582796bad1a60dc744,hqs2016sp1web.cpc.com.tw,Onboarded,"[{'ipAddress': '10.168.252.37', 'macAddress': '00155DFC5703', 'type': 'Ethernet', 'operationalStatus': 'Up'}, {'ipAddress': '127.0.0.1', 'macAddress': '', 'type': 'SoftwareLoopback', 'operationalStatus': 'Up'}, {'ipAddress': '::1', 'macAddress': '', 'type': 'SoftwareLoopback', 'operationalStatus': 'Up'}, {'ipAddress': 'fe80::5efe:10.168.252.37', 'macAddress': '00000000000000E0', 'type': 'Tunnel', 'operationalStatus': 'Down'}]"
a8e825cf1ba99479f46a89db341bc9d57ab91bd2,hqsvr9.cpc.com.tw,Onboarded,"[{'ipAddress': '10.168.252.193', 'macAddress': '288023B0A23C', 'type': 'Ethernet', 'operationalStatus': 'Up'}, {'ipAddress': 'fe80::31f9:80f7:c569:3e3d', 'macAddress': '288023B0A23C', 'type': 'Ethernet', 'operationalStatus': 'Up'}, {'ipAddress': '169.254.149.162', 'macAddress': '288023B0A23D', 'type': 'Ethernet', 'operationalStatus': 'Down'}, {'ipAddress': 'fe80::e126:6ddd:c944:95a2', 'macAddress': '288023B0A23D', 'type': 'Ethernet', 'operationalStatus': 'Down'}, {'ipAddress': '169.254.80.103', 'macAddress': '288023B0A23F', 'type': 'Ethernet', 'operationalStatus': 'Down'}, {'ipAddress': 'fe80::c53a:c6e:3c46:5067', 'macAddress': '288023B0A23F', 'type': 'Ethernet', 'operationalStatus': 'Down'}, {'ipAddress': '169.254.239.27', 'macAddress': '288023B0A23E', 'type': 'Ethernet', 'operationalStatus': 'Down'}, {'ipAddress': 'fe80::30c8:f4ff:75c4:ef1b', 'macAddress': '288023B0A23E', 'type': 'Ethernet', 'operationalStatus': 'Down'}, {'ipAddress': '127.0.0.1', 'macAddress': '', 'type': 'SoftwareLoopback', 'operationalStatus': 'Up'}, {'ipAddress': '::1', 'macAddress': '', 'type': 'SoftwareLoopback', 'operationalStatus': 'Up'}]"
aba0708e62181bbb61698b37f77b3fb11bc76013,hqsvr10.cpc.com.tw,Onboarded,"[{'ipAddress': '10.168.252.194', 'macAddress': '288023B0ACD8', 'type': 'Ethernet', 'operationalStatus': 'Up'}, {'ipAddress': 'fe80::b4e8:846f:40e2:b71b', 'macAddress': '288023B0ACD8', 'type': 'Ethernet', 'operationalStatus': 'Up'}, {'ipAddress': '169.254.7.248', 'macAddress': '288023B0ACDA', 'type': 'Ethernet', 'operationalStatus': 'Up'}, {'ipAddress': 'fe80::c5e5:58f4:85c:7f8', 'macAddress': '288023B0ACDA', 'type': 'Ethernet', 'operationalStatus': 'Up'}, {'ipAddress': '169.254.21.118', 'macAddress': '288023B0ACD9', 'type': 'Ethernet', 'operationalStatus': 'Up'}, {'ipAddress': 'fe80::9ca0:ad79:a37a:1576', 'macAddress': '288023B0ACD9', 'type': 'Ethernet', 'operationalStatus': 'Up'}, {'ipAddress': '169.254.158.91', 'macAddress': '288023B0ACDB', 'type': 'Ethernet', 'operationalStatus': 'Down'}, {'ipAddress': '192.168.1.76', 'macAddress': '288023B0ACDB', 'type': 'Ethernet', 'operationalStatus': 'Down'}, {'ipAddress': 'fe80::6cbb:40d9:d2fb:9e5b', 'macAddress': '288023B0ACDB', 'type': 'Ethernet', 'operationalStatus': 'Down'}, {'ipAddress': '127.0.0.1', 'macAddress': '', 'type': 'SoftwareLoopback', 'operationalStatus': 'Up'}, {'ipAddress': '::1', 'macAddress': '', 'type': 'SoftwareLoopback', 'operationalStatus': 'Up'}, {'ipAddress': 'fe80::5efe:169.254.7.248', 'macAddress': '00000000000000E0', 'type': 'Tunnel', 'operationalStatus': 'Down'}, {'ipAddress': 'fe80::5efe:169.254.21.118', 'macAddress': '00000000000000E0', 'type': 'Tunnel', 'operationalStatus': 'Down'}, {'ipAddress': 'fe80::5efe:10.168.252.194', 'macAddress': '00000000000000E0', 'type': 'Tunnel', 'operationalStatus': 'Down'}]"
acc63142bc7c40310c42350eac5f58705ab50382,hqssql.cpc.com.tw,Onboarded,"[{'ipAddress': '169.254.17.213', 'macAddress': 'A0D3C1024151', 'type': 'Ethernet', 'operationalStatus': 'Down'}, {'ipAddress': 'fe80::8d2c:c81a:6fcb:11d5', 'macAddress': 'A0D3C1024151', 'type': 'Ethernet', 'operationalStatus': 'Down'}, {'ipAddress': '169.254.143.26', 'macAddress': 'A0D3C1024152', 'type': 'Ethernet', 'operationalStatus': 'Down'}, {'ipAddress': 'fe80::54dc:b561:1a75:8f1a', 'macAddress': 'A0D3C1024152', 'type': 'Ethernet', 'operationalStatus': 'Down'}, {'ipAddress': '10.168.252.185', 'macAddress': 'A0D3C1024150', 'type': 'Ethernet', 'operationalStatus': 'Up'}, {'ipAddress': 'fe80::2557:7ba5:c66:ffd4', 'macAddress': 'A0D3C1024150', 'type': 'Ethernet', 'operationalStatus': 'Up'}, {'ipAddress': '169.254.251.191', 'macAddress': 'A0D3C1024153', 'type': 'Ethernet', 'operationalStatus': 'Down'}, {'ipAddress': 'fe80::69d2:c336:f52c:fbbf', 'macAddress': 'A0D3C1024153', 'type': 'Ethernet', 'operationalStatus': 'Down'}, {'ipAddress': '127.0.0.1', 'macAddress': '', 'type': 'SoftwareLoopback', 'operationalStatus': 'Up'}, {'ipAddress': '::1', 'macAddress': '', 'type': 'SoftwareLoopback', 'operationalStatus': 'Up'}, {'ipAddress': 'fe80::5efe:10.168.252.185', 'macAddress': '00000000000000E0', 'type': 'Tunnel', 'operationalStatus': 'Down'}]"
b81260e492b32ecbb123191fca8c6c8d223f2cfe,hqsfile7.cpc.com.tw,Onboarded,"[{'ipAddress': '169.254.191.97', 'macAddress': 'ECEBB89FA892', 'type': 'Ethernet', 'operationalStatus': 'Down'}, {'ipAddress': 'fe80::fcfa:3207:564f:bf61', 'macAddress': 'ECEBB89FA892', 'type': 'Ethernet', 'operationalStatus': 'Down'}, {'ipAddress': '169.254.55.254', 'macAddress': 'ECEBB89FA893', 'type': 'Ethernet', 'operationalStatus': 'Down'}, {'ipAddress': 'fe80::c55f:1018:619b:37fe', 'macAddress': 'ECEBB89FA893', 'type': 'Ethernet', 'operationalStatus': 'Down'}, {'ipAddress': '169.254.201.232', 'macAddress': 'ECEBB89FA891', 'type': 'Ethernet', 'operationalStatus': 'Down'}, {'ipAddress': 'fe80::94f2:53cd:aeba:c9e8', 'macAddress': 'ECEBB89FA891', 'type': 'Ethernet', 'operationalStatus': 'Down'}, {'ipAddress': '10.168.252.91', 'macAddress': 'ECEBB89FA890', 'type': 'Ethernet', 'operationalStatus': 'Up'}, {'ipAddress': '127.0.0.1', 'macAddress': '', 'type': 'SoftwareLoopback', 'operationalStatus': 'Up'}, {'ipAddress': '::1', 'macAddress': '', 'type': 'SoftwareLoopback', 'operationalStatus': 'Up'}, {'ipAddress': 'fe80::5efe:10.168.252.91', 'macAddress': '00000000000000E0', 'type': 'Tunnel', 'operationalStatus': 'Down'}]"
b9a06a01157f0a890fe210af53bb60f289e58de1,hqnb00-267686.cpc.com.tw,Onboarded,"[{'ipAddress': '10.168.203.38', 'macAddress': '1C394797B873', 'type': 'Ethernet', 'operationalStatus': 'Down'}, {'ipAddress': '169.254.204.199', 'macAddress': '1C394797B873', 'type': 'Ethernet', 'operationalStatus': 'Down'}, {'ipAddress': 'fe80::bd8b:d837:60b6:ccc7', 'macAddress': '1C394797B873', 'type': 'Ethernet', 'operationalStatus': 'Down'}, {'ipAddress': '169.254.26.134', 'macAddress': '648099BBE79E', 'type': 'IEEE80211', 'operationalStatus': 'Down'}, {'ipAddress': 'fe80::ad30:fa0c:35e1:1a86', 'macAddress': '648099BBE79E', 'type': 'IEEE80211', 'operationalStatus': 'Down'}, {'ipAddress': '169.254.230.232', 'macAddress': '668099BBE79D', 'type': 'IEEE80211', 'operationalStatus': 'Down'}, {'ipAddress': 'fe80::71d6:9f2:af7e:e6e8', 'macAddress': '668099BBE79D', 'type': 'IEEE80211', 'operationalStatus': 'Down'}, {'ipAddress': '192.168.53.188', 'macAddress': '648099BBE79D', 'type': 'IEEE80211', 'operationalStatus': 'Down'}, {'ipAddress': 'fe80::9118:151f:7a68:419d', 'macAddress': '648099BBE79D', 'type': 'IEEE80211', 'operationalStatus': 'Down'}, {'ipAddress': '127.0.0.1', 'macAddress': None, 'type': 'SoftwareLoopback', 'operationalStatus': 'Up'}, {'ipAddress': '::1', 'macAddress': None, 'type': 'SoftwareLoopback', 'operationalStatus': 'Up'}]"
be50aa188723aa0bcd40567e73ed75402c1d8f0d,hqssecu16p1.cpc.com.tw,Onboarded,"[{'ipAddress': '169.254.28.222', 'macAddress': 'ECEBB89BCBA7', 'type': 'Ethernet', 'operationalStatus': 'Down'}, {'ipAddress': 'fe80::859b:f54d:112e:1cde', 'macAddress': 'ECEBB89BCBA7', 'type': 'Ethernet', 'operationalStatus': 'Down'}, {'ipAddress': '169.254.196.33', 'macAddress': 'ECEBB89BCBA6', 'type': 'Ethernet', 'operationalStatus': 'Down'}, {'ipAddress': 'fe80::b40b:77ad:b920:c421', 'macAddress': 'ECEBB89BCBA6', 'type': 'Ethernet', 'operationalStatus': 'Down'}, {'ipAddress': '10.168.252.38', 'macAddress': 'ECEBB89BCBA4', 'type': 'Ethernet', 'operationalStatus': 'Up'}, {'ipAddress': 'fe80::59d8:e5fa:1dab:8c43', 'macAddress': 'ECEBB89BCBA4', 'type': 'Ethernet', 'operationalStatus': 'Up'}, {'ipAddress': '127.0.0.1', 'macAddress': '', 'type': 'SoftwareLoopback', 'operationalStatus': 'Up'}, {'ipAddress': '::1', 'macAddress': '', 'type': 'SoftwareLoopback', 'operationalStatus': 'Up'}, {'ipAddress': 'fe80::5efe:10.168.252.38', 'macAddress': '00000000000000E0', 'type': 'Tunnel', 'operationalStatus': 'Down'}]"
bea67f91cc7f116c9100365eca65b255ccafbe1a,hqsbcp16p.cpc.com.tw,Onboarded,"[{'ipAddress': '169.254.60.237', 'macAddress': 'ECEBB89BAB06', 'type': 'Ethernet', 'operationalStatus': 'Down'}, {'ipAddress': 'fe80::8539:a321:4ff8:3ced', 'macAddress': 'ECEBB89BAB06', 'type': 'Ethernet', 'operationalStatus': 'Down'}, {'ipAddress': '169.254.199.177', 'macAddress': 'ECEBB89BAB05', 'type': 'Ethernet', 'operationalStatus': 'Down'}, {'ipAddress': 'fe80::b134:463b:6067:c7b1', 'macAddress': 'ECEBB89BAB05', 'type': 'Ethernet', 'operationalStatus': 'Down'}, {'ipAddress': '169.254.178.250', 'macAddress': 'ECEBB89BAB04', 'type': 'Ethernet', 'operationalStatus': 'Down'}, {'ipAddress': 'fe80::45f4:e063:8cf1:b2fa', 'macAddress': 'ECEBB89BAB04', 'type': 'Ethernet', 'operationalStatus': 'Down'}, {'ipAddress': '169.254.252.18', 'macAddress': 'ECEBB89BAB07', 'type': 'Ethernet', 'operationalStatus': 'Down'}, {'ipAddress': 'fe80::fcad:d946:1fe6:fc12', 'macAddress': 'ECEBB89BAB07', 'type': 'Ethernet', 'operationalStatus': 'Down'}, {'ipAddress': '169.254.43.98', 'macAddress': 'D4F5EF655FB9', 'type': 'Ethernet', 'operationalStatus': 'Down'}, {'ipAddress': 'fe80::18dc:9341:7f38:2b62', 'macAddress': 'D4F5EF655FB9', 'type': 'Ethernet', 'operationalStatus': 'Down'}, {'ipAddress': '10.168.252.208', 'macAddress': 'D4F5EF655FB8', 'type': 'Ethernet', 'operationalStatus': 'Up'}, {'ipAddress': 'fe80::f97d:572b:78a7:b7f6', 'macAddress': 'D4F5EF655FB8', 'type': 'Ethernet', 'operationalStatus': 'Up'}, {'ipAddress': '127.0.0.1', 'macAddress': '', 'type': 'SoftwareLoopback', 'operationalStatus': 'Up'}, {'ipAddress': '::1', 'macAddress': '', 'type': 'SoftwareLoopback', 'operationalStatus': 'Up'}, {'ipAddress': 'fe80::5efe:10.168.252.208', 'macAddress': '00000000000000E0', 'type': 'Tunnel', 'operationalStatus': 'Down'}]"
bfa65a9867c00e2fcfa8c3dada8d45bd5ab4770e,hqssql2014t.cpc.com.tw,Onboarded,"[{'ipAddress': '10.168.252.128', 'macAddress': '00155D718E01', 'type': 'Ethernet', 'operationalStatus': 'Up'}, {'ipAddress': 'fe80::90b1:cfcb:7742:e819', 'macAddress': '00155D718E01', 'type': 'Ethernet', 'operationalStatus': 'Up'}, {'ipAddress': '127.0.0.1', 'macAddress': '', 'type': 'SoftwareLoopback', 'operationalStatus': 'Up'}, {'ipAddress': '::1', 'macAddress': '', 'type': 'SoftwareLoopback', 'operationalStatus': 'Up'}, {'ipAddress': 'fe80::5efe:10.168.252.128', 'macAddress': '00000000000000E0', 'type': 'Tunnel', 'operationalStatus': 'Down'}]"
c02721fa73e063c3ff81d93e3131bde744d849b8,hqsrcc.cpc.com.tw,Onboarded,"[{'ipAddress': '10.168.252.17', 'macAddress': '00155DFC0805', 'type': 'Ethernet', 'operationalStatus': 'Up'}, {'ipAddress': 'fe80::8dd6:f5ff:a096:b01f', 'macAddress': '00155DFC0805', 'type': 'Ethernet', 'operationalStatus': 'Up'}, {'ipAddress': '127.0.0.1', 'macAddress': '', 'type': 'SoftwareLoopback', 'operationalStatus': 'Up'}, {'ipAddress': '::1', 'macAddress': '', 'type': 'SoftwareLoopback', 'operationalStatus': 'Up'}, {'ipAddress': 'fe80::5efe:10.168.252.17', 'macAddress': '00000000000000E0', 'type': 'Tunnel', 'operationalStatus': 'Down'}]"
c0599e322f91b205af054953917951406970e184,hqscwsap01t.cpc.com.tw,Onboarded,"[{'ipAddress': '10.168.252.145', 'macAddress': '00155DFCC207', 'type': 'Ethernet', 'operationalStatus': 'Up'}, {'ipAddress': 'fe80::a062:e67d:2035:cc3a', 'macAddress': '00155DFCC207', 'type': 'Ethernet', 'operationalStatus': 'Up'}, {'ipAddress': '127.0.0.1', 'macAddress': '', 'type': 'SoftwareLoopback', 'operationalStatus': 'Up'}, {'ipAddress': '::1', 'macAddress': '', 'type': 'SoftwareLoopback', 'operationalStatus': 'Up'}, {'ipAddress': 'fe80::5efe:10.168.252.145', 'macAddress': '00000000000000E0', 'type': 'Tunnel', 'operationalStatus': 'Down'}]"
c590e278cb82ff82893ee2ec51422e06dd7f3414,hqsdoc16n2.cpc.com.tw,Onboarded,"[{'ipAddress': '169.254.17.22', 'macAddress': 'ECEBB89B9BA6', 'type': 'Ethernet', 'operationalStatus': 'Down'}, {'ipAddress': 'fe80::4137:61da:8f05:1116', 'macAddress': 'ECEBB89B9BA6', 'type': 'Ethernet', 'operationalStatus': 'Down'}, {'ipAddress': '169.254.97.13', 'macAddress': 'ECEBB89B9BA5', 'type': 'Ethernet', 'operationalStatus': 'Down'}, {'ipAddress': 'fe80::b992:7c86:772b:610d', 'macAddress': 'ECEBB89B9BA5', 'type': 'Ethernet', 'operationalStatus': 'Down'}, {'ipAddress': '10.168.87.26', 'macAddress': 'ECEBB89B9BA7', 'type': 'Ethernet', 'operationalStatus': 'Up'}, {'ipAddress': 'fe80::886:c0ff:6f5:f5b8', 'macAddress': 'ECEBB89B9BA7', 'type': 'Ethernet', 'operationalStatus': 'Up'}, {'ipAddress': '10.168.252.85', 'macAddress': 'ECEBB89B9BA4', 'type': 'Ethernet', 'operationalStatus': 'Up'}, {'ipAddress': 'fe80::8d44:758d:c45b:27b0', 'macAddress': 'ECEBB89B9BA4', 'type': 'Ethernet', 'operationalStatus': 'Up'}, {'ipAddress': '127.0.0.1', 'macAddress': '', 'type': 'SoftwareLoopback', 'operationalStatus': 'Up'}, {'ipAddress': '::1', 'macAddress': '', 'type': 'SoftwareLoopback', 'operationalStatus': 'Up'}, {'ipAddress': 'fe80::5efe:10.168.252.85', 'macAddress': '00000000000000E0', 'type': 'Tunnel', 'operationalStatus': 'Down'}, {'ipAddress': 'fe80::5efe:10.168.87.26', 'macAddress': '00000000000000E0', 'type': 'Tunnel', 'operationalStatus': 'Down'}]"
c743aa3c7f9a6a30340bd331b44824e5e9a1a4eb,hqsnsqldr.cpc.com.tw,Onboarded,"[{'ipAddress': '10.201.167.13', 'macAddress': '30E17170E639', 'type': 'Ethernet', 'operationalStatus': 'Up'}, {'ipAddress': 'fe80::341c:3979:5636:ff8c', 'macAddress': '30E17170E639', 'type': 'Ethernet', 'operationalStatus': 'Up'}, {'ipAddress': '10.201.167.15', 'macAddress': '30E17170E638', 'type': 'Ethernet', 'operationalStatus': 'Up'}, {'ipAddress': 'fe80::dc06:cbeb:1ddb:bb0e', 'macAddress': '30E17170E638', 'type': 'Ethernet', 'operationalStatus': 'Up'}, {'ipAddress': '169.254.75.20', 'macAddress': '30E17170E63B', 'type': 'Ethernet', 'operationalStatus': 'Down'}, {'ipAddress': 'fe80::792f:7dd7:d6ab:4b14', 'macAddress': '30E17170E63B', 'type': 'Ethernet', 'operationalStatus': 'Down'}, {'ipAddress': '127.0.0.1', 'macAddress': '', 'type': 'SoftwareLoopback', 'operationalStatus': 'Up'}, {'ipAddress': '::1', 'macAddress': '', 'type': 'SoftwareLoopback', 'operationalStatus': 'Up'}]"
c7578392f34f6576bb36b6b4c886852935e5c6fd,hqscwsap01.cpc.com.tw,Onboarded,"[{'ipAddress': '10.168.252.160', 'macAddress': '00155D852400', 'type': 'Ethernet', 'operationalStatus': 'Up'}, {'ipAddress': 'fe80::d93e:d276:2dea:e6d8', 'macAddress': '00155D852400', 'type': 'Ethernet', 'operationalStatus': 'Up'}, {'ipAddress': '127.0.0.1', 'macAddress': '', 'type': 'SoftwareLoopback', 'operationalStatus': 'Up'}, {'ipAddress': '::1', 'macAddress': '', 'type': 'SoftwareLoopback', 'operationalStatus': 'Up'}, {'ipAddress': 'fe80::5efe:10.168.252.160', 'macAddress': '00000000000000E0', 'type': 'Tunnel', 'operationalStatus': 'Down'}]"
c928a1ba2b0ea9558f9521dfdad86c8a4fa0944e,hqsimo16p1.cpc.com.tw,Onboarded,"[{'ipAddress': '169.254.44.209', 'macAddress': '9440C91D6391', 'type': 'Ethernet', 'operationalStatus': 'Down'}, {'ipAddress': 'fe80::246b:4148:f0a1:2cd1', 'macAddress': '9440C91D6391', 'type': 'Ethernet', 'operationalStatus': 'Down'}, {'ipAddress': '169.254.255.224', 'macAddress': '9440C91D6393', 'type': 'Ethernet', 'operationalStatus': 'Down'}, {'ipAddress': 'fe80::741f:6e27:57e4:ffe0', 'macAddress': '9440C91D6393', 'type': 'Ethernet', 'operationalStatus': 'Down'}, {'ipAddress': '169.254.49.237', 'macAddress': '9440C91D6392', 'type': 'Ethernet', 'operationalStatus': 'Down'}, {'ipAddress': 'fe80::994:222f:372d:31ed', 'macAddress': '9440C91D6392', 'type': 'Ethernet', 'operationalStatus': 'Down'}, {'ipAddress': '10.168.252.56', 'macAddress': '9440C91D6390', 'type': 'Ethernet', 'operationalStatus': 'Up'}, {'ipAddress': 'fe80::f09a:7eaf:b9e1:4e3', 'macAddress': '9440C91D6390', 'type': 'Ethernet', 'operationalStatus': 'Up'}, {'ipAddress': '127.0.0.1', 'macAddress': None, 'type': 'SoftwareLoopback', 'operationalStatus': 'Up'}, {'ipAddress': '::1', 'macAddress': None, 'type': 'SoftwareLoopback', 'operationalStatus': 'Up'}, {'ipAddress': 'fe80::5efe:10.168.252.56', 'macAddress': '00000000000000E0', 'type': 'Tunnel', 'operationalStatus': 'Down'}]"
cace5c77af377ef9a7f439e3930d1e56a6f0c452,hqsotp16p1.cpc.com.tw,Onboarded,"[{'ipAddress': '169.254.19.249', 'macAddress': '9440C91D65C0', 'type': 'Ethernet', 'operationalStatus': 'Down'}, {'ipAddress': 'fe80::60fe:df2a:4324:13f9', 'macAddress': '9440C91D65C0', 'type': 'Ethernet', 'operationalStatus': 'Down'}, {'ipAddress': '169.254.245.240', 'macAddress': '9440C91D65BF', 'type': 'Ethernet', 'operationalStatus': 'Down'}, {'ipAddress': 'fe80::5f1:ee99:65b5:f5f0', 'macAddress': '9440C91D65BF', 'type': 'Ethernet', 'operationalStatus': 'Down'}, {'ipAddress': '169.254.227.13', 'macAddress': '9440C91D65C1', 'type': 'Ethernet', 'operationalStatus': 'Down'}, {'ipAddress': 'fe80::5d7:e605:4baa:e30d', 'macAddress': '9440C91D65C1', 'type': 'Ethernet', 'operationalStatus': 'Down'}, {'ipAddress': '10.168.252.198', 'macAddress': '9440C91D65BE', 'type': 'Ethernet', 'operationalStatus': 'Up'}, {'ipAddress': 'fe80::8c90:667a:fbc6:918e', 'macAddress': '9440C91D65BE', 'type': 'Ethernet', 'operationalStatus': 'Up'}, {'ipAddress': '127.0.0.1', 'macAddress': '', 'type': 'SoftwareLoopback', 'operationalStatus': 'Up'}, {'ipAddress': '::1', 'macAddress': '', 'type': 'SoftwareLoopback', 'operationalStatus': 'Up'}, {'ipAddress': 'fe80::5efe:10.168.252.198', 'macAddress': '00000000000000E0', 'type': 'Tunnel', 'operationalStatus': 'Down'}]"
cbb1ba81a44d6fe7494c3e5a6af799ca50000e5e,hqsdb2cs.cpc.com.tw,Onboarded,"[{'ipAddress': '10.168.252.137', 'macAddress': '00155DFC3E09', 'type': 'Ethernet', 'operationalStatus': 'Up'}, {'ipAddress': 'fe80::a19e:3a78:2c90:e66d', 'macAddress': '00155DFC3E09', 'type': 'Ethernet', 'operationalStatus': 'Up'}, {'ipAddress': '127.0.0.1', 'macAddress': '', 'type': 'SoftwareLoopback', 'operationalStatus': 'Up'}, {'ipAddress': '::1', 'macAddress': '', 'type': 'SoftwareLoopback', 'operationalStatus': 'Up'}, {'ipAddress': 'fe80::5efe:10.168.252.137', 'macAddress': '00000000000000E0', 'type': 'Tunnel', 'operationalStatus': 'Down'}]"
cc97840187762a88751d0543f967b191fc7e7722,hqsepn1.cpc.com.tw,Onboarded,"[{'ipAddress': '10.168.252.162', 'macAddress': 'A0D3C1F9CACB', 'type': 'Ethernet', 'operationalStatus': 'Up'}, {'ipAddress': 'fe80::bc38:c192:89c7:7395', 'macAddress': 'A0D3C1F9CACB', 'type': 'Ethernet', 'operationalStatus': 'Up'}, {'ipAddress': '169.254.187.100', 'macAddress': 'A0D3C1F9CAC8', 'type': 'Ethernet', 'operationalStatus': 'Down'}, {'ipAddress': 'fe80::c0e8:206b:cd56:bb64', 'macAddress': 'A0D3C1F9CAC8', 'type': 'Ethernet', 'operationalStatus': 'Down'}, {'ipAddress': '169.254.140.142', 'macAddress': 'A0D3C1F9CACA', 'type': 'Ethernet', 'operationalStatus': 'Up'}, {'ipAddress': 'fe80::11e7:b32b:b28b:8c8e', 'macAddress': 'A0D3C1F9CACA', 'type': 'Ethernet', 'operationalStatus': 'Up'}, {'ipAddress': '169.254.21.248', 'macAddress': 'A0D3C1F9CAC9', 'type': 'Ethernet', 'operationalStatus': 'Up'}, {'ipAddress': 'fe80::863:4165:754e:15f8', 'macAddress': 'A0D3C1F9CAC9', 'type': 'Ethernet', 'operationalStatus': 'Up'}, {'ipAddress': '127.0.0.1', 'macAddress': '', 'type': 'SoftwareLoopback', 'operationalStatus': 'Up'}, {'ipAddress': '::1', 'macAddress': '', 'type': 'SoftwareLoopback', 'operationalStatus': 'Up'}, {'ipAddress': 'fe80::5efe:169.254.21.248', 'macAddress': '00000000000000E0', 'type': 'Tunnel', 'operationalStatus': 'Down'}, {'ipAddress': 'fe80::5efe:10.168.252.162', 'macAddress': '00000000000000E0', 'type': 'Tunnel', 'operationalStatus': 'Down'}, {'ipAddress': 'fe80::5efe:169.254.140.142', 'macAddress': '00000000000000E0', 'type': 'Tunnel', 'operationalStatus': 'Down'}]"
ccec463d1feff82afe4ce0dc4f08b2f26e591fa5,hqsdoc16aps1.cpc.com.tw,Onboarded,"[{'ipAddress': '10.168.252.122', 'macAddress': '00155DFC7401', 'type': 'Ethernet', 'operationalStatus': 'Up'}, {'ipAddress': 'fe80::199e:9300:c71d:9111', 'macAddress': '00155DFC7401', 'type': 'Ethernet', 'operationalStatus': 'Up'}, {'ipAddress': '127.0.0.1', 'macAddress': '', 'type': 'SoftwareLoopback', 'operationalStatus': 'Up'}, {'ipAddress': '::1', 'macAddress': '', 'type': 'SoftwareLoopback', 'operationalStatus': 'Up'}, {'ipAddress': 'fe80::5efe:10.168.252.122', 'macAddress': '00000000000000E0', 'type': 'Tunnel', 'operationalStatus': 'Down'}]"
ce90600dc7e58147d6a72acbfd65610d8664dbf3,hqca000600-7922.cpc.com.tw,Onboarded,"[{'ipAddress': '10.168.6.124', 'macAddress': 'F44D304928E6', 'type': 'Ethernet', 'operationalStatus': 'Up'}, {'ipAddress': 'fe80::f02c:df13:b7af:6927', 'macAddress': 'F44D304928E6', 'type': 'Ethernet', 'operationalStatus': 'Up'}, {'ipAddress': '127.0.0.1', 'macAddress': None, 'type': 'SoftwareLoopback', 'operationalStatus': 'Up'}, {'ipAddress': '::1', 'macAddress': None, 'type': 'SoftwareLoopback', 'operationalStatus': 'Up'}]"
cec8d247d652357dcc8f3f58947da16d836eba94,hqsap05.cpc.com.tw,Onboarded,"[{'ipAddress': '10.168.252.235', 'macAddress': '00155D4C8600', 'type': 'Ethernet', 'operationalStatus': 'Up'}, {'ipAddress': '10.168.252.136', 'macAddress': '00155D4C8600', 'type': 'Ethernet', 'operationalStatus': 'Up'}, {'ipAddress': '127.0.0.1', 'macAddress': '', 'type': 'SoftwareLoopback', 'operationalStatus': 'Up'}, {'ipAddress': '::1', 'macAddress': '', 'type': 'SoftwareLoopback', 'operationalStatus': 'Up'}, {'ipAddress': 'fe80::5efe:10.168.252.235', 'macAddress': '00000000000000E0', 'type': 'Tunnel', 'operationalStatus': 'Down'}]"
cf8ca1982d63036b4a1309564d78607e6559953d,hqsomsapv.cpc.com.tw,Onboarded,"[{'ipAddress': '10.168.252.19', 'macAddress': '00155DC79D00', 'type': 'Ethernet', 'operationalStatus': 'Up'}, {'ipAddress': 'fe80::5cb0:f83f:6dc2:4ad8', 'macAddress': '00155DC79D00', 'type': 'Ethernet', 'operationalStatus': 'Up'}, {'ipAddress': '127.0.0.1', 'macAddress': '', 'type': 'SoftwareLoopback', 'operationalStatus': 'Up'}, {'ipAddress': '::1', 'macAddress': '', 'type': 'SoftwareLoopback', 'operationalStatus': 'Up'}, {'ipAddress': 'fe80::5efe:10.168.252.19', 'macAddress': '00000000000000E0', 'type': 'Tunnel', 'operationalStatus': 'Down'}]"
d08127df0ea15ef3882e5a1a966ef9a4a904c22d,hqskmap1.cpc.com.tw,Onboarded,"[{'ipAddress': '10.168.252.58', 'macAddress': '00155DBFD200', 'type': 'Ethernet', 'operationalStatus': 'Up'}, {'ipAddress': 'fe80::6da9:c580:6be9:c8a6', 'macAddress': '00155DBFD200', 'type': 'Ethernet', 'operationalStatus': 'Up'}, {'ipAddress': '127.0.0.1', 'macAddress': '', 'type': 'SoftwareLoopback', 'operationalStatus': 'Up'}, {'ipAddress': '::1', 'macAddress': '', 'type': 'SoftwareLoopback', 'operationalStatus': 'Up'}, {'ipAddress': 'fe80::5efe:10.168.252.58', 'macAddress': '00000000000000E0', 'type': 'Tunnel', 'operationalStatus': 'Down'}]"
d1a29b6f5248b20b1fa29f66f6ce6845cc737ed6,hqna007200-9105.cpc.com.tw,Onboarded,"[{'ipAddress': '10.168.171.184', 'macAddress': '94C691599331', 'type': 'Ethernet', 'operationalStatus': 'Up'}, {'ipAddress': 'fe80::dd15:34bb:3f10:f4a6', 'macAddress': '94C691599331', 'type': 'Ethernet', 'operationalStatus': 'Up'}, {'ipAddress': '127.0.0.1', 'macAddress': None, 'type': 'SoftwareLoopback', 'operationalStatus': 'Up'}, {'ipAddress': '::1', 'macAddress': None, 'type': 'SoftwareLoopback', 'operationalStatus': 'Up'}]"
d2a46ef2e1b38f2ae7e77c82f74e0aa6007ed235,hqsomsp.cpc.com.tw,Onboarded,"[{'ipAddress': '10.168.252.239', 'macAddress': 'A0D3C102250C', 'type': 'Ethernet', 'operationalStatus': 'Up'}, {'ipAddress': 'fe80::39a8:7a73:484e:96d9', 'macAddress': 'A0D3C102250C', 'type': 'Ethernet', 'operationalStatus': 'Up'}, {'ipAddress': '169.254.158.66', 'macAddress': 'A0D3C102250D', 'type': 'Ethernet', 'operationalStatus': 'Down'}, {'ipAddress': 'fe80::647e:7619:2327:9e42', 'macAddress': 'A0D3C102250D', 'type': 'Ethernet', 'operationalStatus': 'Down'}, {'ipAddress': '169.254.189.59', 'macAddress': 'A0D3C102250E', 'type': 'Ethernet', 'operationalStatus': 'Down'}, {'ipAddress': 'fe80::c44e:9efd:4c83:bd3b', 'macAddress': 'A0D3C102250E', 'type': 'Ethernet', 'operationalStatus': 'Down'}, {'ipAddress': '169.254.46.16', 'macAddress': 'A0D3C102250F', 'type': 'Ethernet', 'operationalStatus': 'Down'}, {'ipAddress': 'fe80::ac91:4d74:67c7:2e10', 'macAddress': 'A0D3C102250F', 'type': 'Ethernet', 'operationalStatus': 'Down'}, {'ipAddress': '127.0.0.1', 'macAddress': '', 'type': 'SoftwareLoopback', 'operationalStatus': 'Up'}, {'ipAddress': '::1', 'macAddress': '', 'type': 'SoftwareLoopback', 'operationalStatus': 'Up'}]"
d41fc84573e67567af6cff44e56309c855022bc1,hqsisacp.cpc.com.tw,Onboarded,"[{'ipAddress': '10.168.252.156', 'macAddress': '30E171700730', 'type': 'Ethernet', 'operationalStatus': 'Up'}, {'ipAddress': 'fe80::8dc2:6fd8:d786:941a', 'macAddress': '30E171700730', 'type': 'Ethernet', 'operationalStatus': 'Up'}, {'ipAddress': '169.254.70.219', 'macAddress': '30E171700732', 'type': 'Ethernet', 'operationalStatus': 'Down'}, {'ipAddress': 'fe80::4807:94d1:a000:46db', 'macAddress': '30E171700732', 'type': 'Ethernet', 'operationalStatus': 'Down'}, {'ipAddress': '169.254.214.206', 'macAddress': '30E171700731', 'type': 'Ethernet', 'operationalStatus': 'Down'}, {'ipAddress': 'fe80::e8a9:3054:7aff:d6ce', 'macAddress': '30E171700731', 'type': 'Ethernet', 'operationalStatus': 'Down'}, {'ipAddress': '169.254.147.35', 'macAddress': '30E171700733', 'type': 'Ethernet', 'operationalStatus': 'Down'}, {'ipAddress': 'fe80::a83a:baae:59d3:9323', 'macAddress': '30E171700733', 'type': 'Ethernet', 'operationalStatus': 'Down'}, {'ipAddress': '127.0.0.1', 'macAddress': '', 'type': 'SoftwareLoopback', 'operationalStatus': 'Up'}, {'ipAddress': '::1', 'macAddress': '', 'type': 'SoftwareLoopback', 'operationalStatus': 'Up'}]"
d420bb674b383027a918784979d8bda52ee6a8ef,hqsdoc16n4.cpc.com.tw,Onboarded,"[{'ipAddress': '169.254.27.238', 'macAddress': 'ECEBB89BEB72', 'type': 'Ethernet', 'operationalStatus': 'Down'}, {'ipAddress': 'fe80::b1c3:2bb5:b61f:1bee', 'macAddress': 'ECEBB89BEB72', 'type': 'Ethernet', 'operationalStatus': 'Down'}, {'ipAddress': '169.254.72.16', 'macAddress': 'ECEBB89BEB71', 'type': 'Ethernet', 'operationalStatus': 'Down'}, {'ipAddress': 'fe80::115d:6a77:1d07:4810', 'macAddress': 'ECEBB89BEB71', 'type': 'Ethernet', 'operationalStatus': 'Down'}, {'ipAddress': '169.254.68.186', 'macAddress': 'ECEBB89BEB73', 'type': 'Ethernet', 'operationalStatus': 'Down'}, {'ipAddress': 'fe80::e16e:e36c:fcf2:44ba', 'macAddress': 'ECEBB89BEB73', 'type': 'Ethernet', 'operationalStatus': 'Down'}, {'ipAddress': '10.168.252.36', 'macAddress': 'ECEBB89BEB70', 'type': 'Ethernet', 'operationalStatus': 'Up'}, {'ipAddress': 'fe80::74:b9a0:5c9a:ddcf', 'macAddress': 'ECEBB89BEB70', 'type': 'Ethernet', 'operationalStatus': 'Up'}, {'ipAddress': '127.0.0.1', 'macAddress': '', 'type': 'SoftwareLoopback', 'operationalStatus': 'Up'}, {'ipAddress': '::1', 'macAddress': '', 'type': 'SoftwareLoopback', 'operationalStatus': 'Up'}, {'ipAddress': 'fe80::5efe:10.168.252.36', 'macAddress': '00000000000000E0', 'type': 'Tunnel', 'operationalStatus': 'Down'}]"
db200f5f819234de451fc7cde40dd2b64d931ae6,hqsepn2.cpc.com.tw,Onboarded,"[{'ipAddress': '10.168.252.164', 'macAddress': 'A0D3C1F9C8DA', 'type': 'Ethernet', 'operationalStatus': 'Up'}, {'ipAddress': 'fe80::81a5:afec:e59:cf8a', 'macAddress': 'A0D3C1F9C8DA', 'type': 'Ethernet', 'operationalStatus': 'Up'}, {'ipAddress': '169.254.7.41', 'macAddress': 'A0D3C1F9C8D9', 'type': 'Ethernet', 'operationalStatus': 'Down'}, {'ipAddress': 'fe80::a853:5e4a:9a5f:729', 'macAddress': 'A0D3C1F9C8D9', 'type': 'Ethernet', 'operationalStatus': 'Down'}, {'ipAddress': '169.254.114.160', 'macAddress': 'A0D3C1F9C8D8', 'type': 'Ethernet', 'operationalStatus': 'Down'}, {'ipAddress': 'fe80::99df:e62a:2c8:72a0', 'macAddress': 'A0D3C1F9C8D8', 'type': 'Ethernet', 'operationalStatus': 'Down'}, {'ipAddress': '127.0.0.1', 'macAddress': '', 'type': 'SoftwareLoopback', 'operationalStatus': 'Up'}, {'ipAddress': '::1', 'macAddress': '', 'type': 'SoftwareLoopback', 'operationalStatus': 'Up'}]"
dc1ae6c84ddbecf005293dede4894fffa15bd33b,hqsbd16apv.cpc.com.tw,Onboarded,"[{'ipAddress': '10.168.252.168', 'macAddress': '00155DFCA300', 'type': 'Ethernet', 'operationalStatus': 'Up'}, {'ipAddress': 'fe80::e845:bc04:1c1c:e4c8', 'macAddress': '00155DFCA300', 'type': 'Ethernet', 'operationalStatus': 'Up'}, {'ipAddress': '127.0.0.1', 'macAddress': None, 'type': 'SoftwareLoopback', 'operationalStatus': 'Up'}, {'ipAddress': '::1', 'macAddress': None, 'type': 'SoftwareLoopback', 'operationalStatus': 'Up'}, {'ipAddress': 'fe80::5efe:10.168.252.168', 'macAddress': '00000000000000E0', 'type': 'Tunnel', 'operationalStatus': 'Down'}]"
dc3e6a5f67af128e4b4f7e7d21d1b34d5646006f,hqcb00-050547.cpc.com.tw,Onboarded,[]
dcaf2d3d7d1113370f8491ec3d503b471097631c,hqsbd16etltv.cpc.com.tw,Onboarded,"[{'ipAddress': '10.168.252.209', 'macAddress': '00155DFC7B03', 'type': 'Ethernet', 'operationalStatus': 'Up'}, {'ipAddress': 'fe80::1d7a:716b:9fba:b34e', 'macAddress': '00155DFC7B03', 'type': 'Ethernet', 'operationalStatus': 'Up'}, {'ipAddress': '127.0.0.1', 'macAddress': '', 'type': 'SoftwareLoopback', 'operationalStatus': 'Up'}, {'ipAddress': '::1', 'macAddress': '', 'type': 'SoftwareLoopback', 'operationalStatus': 'Up'}, {'ipAddress': 'fe80::5efe:10.168.252.209', 'macAddress': '00000000000000E0', 'type': 'Tunnel', 'operationalStatus': 'Down'}]"
dd5e1b5b36ec2b473b2082ff0160c8e612f8074d,hqswsus.cpc.com.tw,Onboarded,"[{'ipAddress': '10.168.252.26', 'macAddress': '00155D44D301', 'type': 'Ethernet', 'operationalStatus': 'Up'}, {'ipAddress': 'fe80::841e:f37a:b10d:d2f8', 'macAddress': '00155D44D301', 'type': 'Ethernet', 'operationalStatus': 'Up'}, {'ipAddress': '127.0.0.1', 'macAddress': None, 'type': 'SoftwareLoopback', 'operationalStatus': 'Up'}, {'ipAddress': '::1', 'macAddress': None, 'type': 'SoftwareLoopback', 'operationalStatus': 'Up'}, {'ipAddress': 'fe80::5efe:10.168.252.26', 'macAddress': '00000000000000E0', 'type': 'Tunnel', 'operationalStatus': 'Down'}]"
e21b4f58b600af9afe5ac4b717301a87a782a61c,hqsarcgis12v.cpc.com.tw,Onboarded,"[{'ipAddress': '10.168.252.46', 'macAddress': '00155DFC2E00', 'type': 'Ethernet', 'operationalStatus': 'Up'}, {'ipAddress': 'fe80::1c9a:d9b1:515:6378', 'macAddress': '00155DFC2E00', 'type': 'Ethernet', 'operationalStatus': 'Up'}, {'ipAddress': '127.0.0.1', 'macAddress': '', 'type': 'SoftwareLoopback', 'operationalStatus': 'Up'}, {'ipAddress': '::1', 'macAddress': '', 'type': 'SoftwareLoopback', 'operationalStatus': 'Up'}, {'ipAddress': 'fe80::5efe:10.168.252.46', 'macAddress': '00000000000000E0', 'type': 'Tunnel', 'operationalStatus': 'Down'}]"
e406059fea7d23b9d84a9ac77196c48805fa814a,hqsdocfile.cpc.com.tw,Onboarded,"[{'ipAddress': '169.254.79.111', 'macAddress': '1C98EC2252C3', 'type': 'Ethernet', 'operationalStatus': 'Down'}, {'ipAddress': 'fe80::6875:580c:faa7:4f6f', 'macAddress': '1C98EC2252C3', 'type': 'Ethernet', 'operationalStatus': 'Down'}, {'ipAddress': '169.254.192.51', 'macAddress': '1C98EC2252C2', 'type': 'Ethernet', 'operationalStatus': 'Down'}, {'ipAddress': 'fe80::25af:4ad:71ed:c033', 'macAddress': '1C98EC2252C2', 'type': 'Ethernet', 'operationalStatus': 'Down'}, {'ipAddress': '169.254.220.176', 'macAddress': '1C98EC2252C0', 'type': 'Ethernet', 'operationalStatus': 'Down'}, {'ipAddress': 'fe80::1043:1214:c429:dcb0', 'macAddress': '1C98EC2252C0', 'type': 'Ethernet', 'operationalStatus': 'Down'}, {'ipAddress': '10.168.252.54', 'macAddress': '1C98EC2252C1', 'type': 'Ethernet', 'operationalStatus': 'Up'}, {'ipAddress': '127.0.0.1', 'macAddress': '', 'type': 'SoftwareLoopback', 'operationalStatus': 'Up'}, {'ipAddress': '::1', 'macAddress': '', 'type': 'SoftwareLoopback', 'operationalStatus': 'Up'}, {'ipAddress': 'fe80::5efe:10.168.252.54', 'macAddress': '00000000000000E0', 'type': 'Tunnel', 'operationalStatus': 'Down'}]"
e41030bc5ef5e5b1da3080f8d1ec24c0d383de2e,hqstmsec.cpc.com.tw,Onboarded,"[{'ipAddress': '10.168.252.245', 'macAddress': '00155DFC3E03', 'type': 'Ethernet', 'operationalStatus': 'Up'}, {'ipAddress': 'fe80::f9c2:39e0:a484:915e', 'macAddress': '00155DFC3E03', 'type': 'Ethernet', 'operationalStatus': 'Up'}, {'ipAddress': '127.0.0.1', 'macAddress': '', 'type': 'SoftwareLoopback', 'operationalStatus': 'Up'}, {'ipAddress': '::1', 'macAddress': '', 'type': 'SoftwareLoopback', 'operationalStatus': 'Up'}, {'ipAddress': 'fe80::5efe:10.168.252.245', 'macAddress': '00000000000000E0', 'type': 'Tunnel', 'operationalStatus': 'Down'}]"
ebe09e25c52c10e9275fab2ae3e70f0051da57a1,hqssyscenp.cpc.com.tw,Onboarded,"[{'ipAddress': '169.254.112.75', 'macAddress': 'B8830347423D', 'type': 'Ethernet', 'operationalStatus': 'Down'}, {'ipAddress': 'fe80::c561:4ee9:5856:704b', 'macAddress': 'B8830347423D', 'type': 'Ethernet', 'operationalStatus': 'Down'}, {'ipAddress': '169.254.221.250', 'macAddress': 'B8830347423E', 'type': 'Ethernet', 'operationalStatus': 'Down'}, {'ipAddress': 'fe80::b8a0:283a:46b4:ddfa', 'macAddress': 'B8830347423E', 'type': 'Ethernet', 'operationalStatus': 'Down'}, {'ipAddress': '10.168.252.133', 'macAddress': 'B8830347423C', 'type': 'Ethernet', 'operationalStatus': 'Up'}, {'ipAddress': 'fe80::853e:75d4:ecd7:b170', 'macAddress': 'B8830347423C', 'type': 'Ethernet', 'operationalStatus': 'Up'}, {'ipAddress': '127.0.0.1', 'macAddress': None, 'type': 'SoftwareLoopback', 'operationalStatus': 'Up'}, {'ipAddress': '::1', 'macAddress': None, 'type': 'SoftwareLoopback', 'operationalStatus': 'Up'}, {'ipAddress': 'fe80::5efe:10.168.252.133', 'macAddress': '00000000000000E0', 'type': 'Tunnel', 'operationalStatus': 'Down'}]"
ef0fd8f1a58c1783fc0333b821b015b92b0d5b86,hqsap05p.cpc.com.tw,Onboarded,"[{'ipAddress': '169.254.144.72', 'macAddress': 'B88303474C35', 'type': 'Ethernet', 'operationalStatus': 'Down'}, {'ipAddress': 'fe80::1172:e7ed:9ac7:9048', 'macAddress': 'B88303474C35', 'type': 'Ethernet', 'operationalStatus': 'Down'}, {'ipAddress': '169.254.122.123', 'macAddress': 'B88303474C33', 'type': 'Ethernet', 'operationalStatus': 'Down'}, {'ipAddress': 'fe80::e9f0:7ce0:ce78:7a7b', 'macAddress': 'B88303474C33', 'type': 'Ethernet', 'operationalStatus': 'Down'}, {'ipAddress': '169.254.79.201', 'macAddress': 'B88303474C34', 'type': 'Ethernet', 'operationalStatus': 'Down'}, {'ipAddress': 'fe80::f804:d508:e28b:4fc9', 'macAddress': 'B88303474C34', 'type': 'Ethernet', 'operationalStatus': 'Down'}, {'ipAddress': '10.168.252.136', 'macAddress': 'B88303474C32', 'type': 'Ethernet', 'operationalStatus': 'Up'}, {'ipAddress': 'fe80::8d93:cc46:4169:270f', 'macAddress': 'B88303474C32', 'type': 'Ethernet', 'operationalStatus': 'Up'}, {'ipAddress': '127.0.0.1', 'macAddress': '', 'type': 'SoftwareLoopback', 'operationalStatus': 'Up'}, {'ipAddress': '::1', 'macAddress': '', 'type': 'SoftwareLoopback', 'operationalStatus': 'Up'}, {'ipAddress': 'fe80::5efe:10.168.252.136', 'macAddress': '00000000000000E0', 'type': 'Tunnel', 'operationalStatus': 'Down'}]"
ef58ce32654a9ac000bc700e71804c50995be2b3,hqsdoctx.cpc.com.tw,Onboarded,"[{'ipAddress': '10.168.252.179', 'macAddress': '00155DFC7400', 'type': 'Ethernet', 'operationalStatus': 'Up'}, {'ipAddress': 'fe80::6c02:5f26:8fb1:4cd7', 'macAddress': '00155DFC7400', 'type': 'Ethernet', 'operationalStatus': 'Up'}, {'ipAddress': '127.0.0.1', 'macAddress': '', 'type': 'SoftwareLoopback', 'operationalStatus': 'Up'}, {'ipAddress': '::1', 'macAddress': '', 'type': 'SoftwareLoopback', 'operationalStatus': 'Up'}, {'ipAddress': 'fe80::5efe:10.168.252.179', 'macAddress': '00000000000000E0', 'type': 'Tunnel', 'operationalStatus': 'Down'}]"
f0bf8e05b7a7ade0b5dcba878d268220b4ab29f5,hqsbd16etlv.cpc.com.tw,Onboarded,"[{'ipAddress': '10.168.252.135', 'macAddress': '00155DFC7B00', 'type': 'Ethernet', 'operationalStatus': 'Up'}, {'ipAddress': 'fe80::5941:d34b:ff56:40f4', 'macAddress': '00155DFC7B00', 'type': 'Ethernet', 'operationalStatus': 'Up'}, {'ipAddress': '127.0.0.1', 'macAddress': '', 'type': 'SoftwareLoopback', 'operationalStatus': 'Up'}, {'ipAddress': '::1', 'macAddress': '', 'type': 'SoftwareLoopback', 'operationalStatus': 'Up'}, {'ipAddress': 'fe80::5efe:10.168.252.135', 'macAddress': '00000000000000E0', 'type': 'Tunnel', 'operationalStatus': 'Down'}]"
f2b4918e1b7fecfe3a5d134dc1c98d3899f23e1d,hqswwwyn2.cpc.com.tw,Onboarded,"[{'ipAddress': '10.168.252.14', 'macAddress': '00155D22E000', 'type': 'Ethernet', 'operationalStatus': 'Up'}, {'ipAddress': 'fe80::e4f2:2c04:6657:980b', 'macAddress': '00155D22E000', 'type': 'Ethernet', 'operationalStatus': 'Up'}, {'ipAddress': '127.0.0.1', 'macAddress': '', 'type': 'SoftwareLoopback', 'operationalStatus': 'Up'}, {'ipAddress': '::1', 'macAddress': '', 'type': 'SoftwareLoopback', 'operationalStatus': 'Up'}, {'ipAddress': 'fe80::5efe:10.168.252.14', 'macAddress': '00000000000000E0', 'type': 'Tunnel', 'operationalStatus': 'Down'}]"
f2c79f6303f26648e9591593eb3198fe52660ac4,hqsrootca.cpc.com.tw,Onboarded,"[{'ipAddress': '10.168.252.127', 'macAddress': '00155DE64104', 'type': 'Ethernet', 'operationalStatus': 'Up'}, {'ipAddress': 'fe80::d400:db48:df84:c41f', 'macAddress': '00155DE64104', 'type': 'Ethernet', 'operationalStatus': 'Up'}, {'ipAddress': '127.0.0.1', 'macAddress': '', 'type': 'SoftwareLoopback', 'operationalStatus': 'Up'}, {'ipAddress': '::1', 'macAddress': '', 'type': 'SoftwareLoopback', 'operationalStatus': 'Up'}, {'ipAddress': 'fe80::5efe:10.168.252.127', 'macAddress': '00000000000000E0', 'type': 'Tunnel', 'operationalStatus': 'Down'}]"
f48f00d9b2c35f02e930f6a4d57986ce7f0b6888,hqsbd16p3.cpc.com.tw,Onboarded,"[{'ipAddress': '169.254.125.18', 'macAddress': '9440C91D6B78', 'type': 'Ethernet', 'operationalStatus': 'Down'}, {'ipAddress': 'fe80::f081:cd5a:72b1:7d12', 'macAddress': '9440C91D6B78', 'type': 'Ethernet', 'operationalStatus': 'Down'}, {'ipAddress': '169.254.179.235', 'macAddress': '9440C91D6B79', 'type': 'Ethernet', 'operationalStatus': 'Down'}, {'ipAddress': '192.168.129.15', 'macAddress': '9440C91D6B79', 'type': 'Ethernet', 'operationalStatus': 'Down'}, {'ipAddress': 'fe80::55b1:a480:3797:b3eb', 'macAddress': '9440C91D6B79', 'type': 'Ethernet', 'operationalStatus': 'Down'}, {'ipAddress': '10.168.252.125', 'macAddress': '9440C91D6B76', 'type': 'Ethernet', 'operationalStatus': 'Up'}, {'ipAddress': 'fe80::b8f0:34cb:4a87:bf18', 'macAddress': '9440C91D6B76', 'type': 'Ethernet', 'operationalStatus': 'Up'}, {'ipAddress': '127.0.0.1', 'macAddress': '', 'type': 'SoftwareLoopback', 'operationalStatus': 'Up'}, {'ipAddress': '::1', 'macAddress': '', 'type': 'SoftwareLoopback', 'operationalStatus': 'Up'}, {'ipAddress': 'fe80::5efe:10.168.252.125', 'macAddress': '00000000000000E0', 'type': 'Tunnel', 'operationalStatus': 'Down'}]"
f599675d364e4c479c0938ffe860ebe203031e62,hqspivsion.cpc.com.tw,Onboarded,"[{'ipAddress': '10.168.252.238', 'macAddress': '00155DFCED01', 'type': 'Ethernet', 'operationalStatus': 'Up'}, {'ipAddress': 'fe80::504d:6d3f:de29:2a7f', 'macAddress': '00155DFCED01', 'type': 'Ethernet', 'operationalStatus': 'Up'}, {'ipAddress': '127.0.0.1', 'macAddress': '', 'type': 'SoftwareLoopback', 'operationalStatus': 'Up'}, {'ipAddress': '::1', 'macAddress': '', 'type': 'SoftwareLoopback', 'operationalStatus': 'Up'}, {'ipAddress': 'fe80::5efe:10.168.252.238', 'macAddress': '00000000000000E0', 'type': 'Tunnel', 'operationalStatus': 'Down'}]"
f710376a2d512639b59fd3f5b778c55e3ede5638,hqsfilep.cpc.com.tw,Onboarded,"[{'ipAddress': '169.254.121.148', 'macAddress': '1C98EC21FFD7', 'type': 'Ethernet', 'operationalStatus': 'Down'}, {'ipAddress': 'fe80::8d43:487e:6162:7994', 'macAddress': '1C98EC21FFD7', 'type': 'Ethernet', 'operationalStatus': 'Down'}, {'ipAddress': '10.168.252.75', 'macAddress': '1C98EC21FFD4', 'type': 'Ethernet', 'operationalStatus': 'Up'}, {'ipAddress': '127.0.0.1', 'macAddress': '', 'type': 'SoftwareLoopback', 'operationalStatus': 'Up'}, {'ipAddress': '::1', 'macAddress': '', 'type': 'SoftwareLoopback', 'operationalStatus': 'Up'}, {'ipAddress': 'fe80::5efe:10.168.252.75', 'macAddress': '00000000000000E0', 'type': 'Tunnel', 'operationalStatus': 'Down'}]"
f726e4e3f453b7227f6547fd87d99fba4bd64729,hqsmfea16v.cpc.com.tw,Onboarded,"[{'ipAddress': '10.168.252.154', 'macAddress': '00155DFC4100', 'type': 'Ethernet', 'operationalStatus': 'Up'}, {'ipAddress': 'fe80::4102:bb7b:5da4:10a5', 'macAddress': '00155DFC4100', 'type': 'Ethernet', 'operationalStatus': 'Up'}, {'ipAddress': '127.0.0.1', 'macAddress': '', 'type': 'SoftwareLoopback', 'operationalStatus': 'Up'}, {'ipAddress': '::1', 'macAddress': '', 'type': 'SoftwareLoopback', 'operationalStatus': 'Up'}, {'ipAddress': 'fe80::5efe:10.168.252.154', 'macAddress': '00000000000000E0', 'type': 'Tunnel', 'operationalStatus': 'Down'}]"
fb75b91d9022921bf128c6c5562fc7708b6afb66,hqsbd16p1.cpc.com.tw,Onboarded,"[{'ipAddress': '169.254.175.73', 'macAddress': '08F1EA8B392E', 'type': 'Ethernet', 'operationalStatus': 'Down'}, {'ipAddress': 'fe80::3cd3:3ee:9f15:af49', 'macAddress': '08F1EA8B392E', 'type': 'Ethernet', 'operationalStatus': 'Down'}, {'ipAddress': '169.254.138.125', 'macAddress': '08F1EA8B392F', 'type': 'Ethernet', 'operationalStatus': 'Down'}, {'ipAddress': 'fe80::5caf:4c86:bd91:8a7d', 'macAddress': '08F1EA8B392F', 'type': 'Ethernet', 'operationalStatus': 'Down'}, {'ipAddress': '169.254.196.163', 'macAddress': '08F1EA8B392D', 'type': 'Ethernet', 'operationalStatus': 'Down'}, {'ipAddress': 'fe80::ed26:b301:f85d:c4a3', 'macAddress': '08F1EA8B392D', 'type': 'Ethernet', 'operationalStatus': 'Down'}, {'ipAddress': '10.168.252.163', 'macAddress': '08F1EA8B392C', 'type': 'Ethernet', 'operationalStatus': 'Up'}, {'ipAddress': 'fe80::7084:dd51:455d:75ce', 'macAddress': '08F1EA8B392C', 'type': 'Ethernet', 'operationalStatus': 'Up'}, {'ipAddress': '127.0.0.1', 'macAddress': '', 'type': 'SoftwareLoopback', 'operationalStatus': 'Up'}, {'ipAddress': '::1', 'macAddress': '', 'type': 'SoftwareLoopback', 'operationalStatus': 'Up'}, {'ipAddress': 'fe80::5efe:10.168.252.163', 'macAddress': '00000000000000E0', 'type': 'Tunnel', 'operationalStatus': 'Down'}]"
fc3bf596cb873cc7f4aeb1e9a042c99a7b19c89a,hqsvr8.cpc.com.tw,Onboarded,"[{'ipAddress': '10.168.252.8', 'macAddress': '001B218AD770', 'type': 'Ethernet', 'operationalStatus': 'Up'}, {'ipAddress': 'fe80::5de4:2faf:3605:c39f', 'macAddress': '001B218AD770', 'type': 'Ethernet', 'operationalStatus': 'Up'}, {'ipAddress': '169.254.40.174', 'macAddress': '000AF71A791C', 'type': 'Ethernet', 'operationalStatus': 'Down'}, {'ipAddress': 'fe80::c4f7:dcb8:f6e6:28ae', 'macAddress': '000AF71A791C', 'type': 'Ethernet', 'operationalStatus': 'Down'}, {'ipAddress': '169.254.135.243', 'macAddress': '000AF71A791E', 'type': 'Ethernet', 'operationalStatus': 'Down'}, {'ipAddress': 'fe80::50a:7a70:b0c:87f3', 'macAddress': '000AF71A791E', 'type': 'Ethernet', 'operationalStatus': 'Down'}, {'ipAddress': '169.254.99.66', 'macAddress': '6CAE8B3C8ABA', 'type': 'Ethernet', 'operationalStatus': 'Down'}, {'ipAddress': 'fe80::f4a1:6527:9798:6342', 'macAddress': '6CAE8B3C8ABA', 'type': 'Ethernet', 'operationalStatus': 'Down'}, {'ipAddress': '169.254.116.77', 'macAddress': '6CAE8B3C8ABD', 'type': 'Ethernet', 'operationalStatus': 'Down'}, {'ipAddress': 'fe80::8d2:2e2d:387f:744d', 'macAddress': '6CAE8B3C8ABD', 'type': 'Ethernet', 'operationalStatus': 'Down'}, {'ipAddress': '169.254.177.247', 'macAddress': '6CAE8B3C8ABB', 'type': 'Ethernet', 'operationalStatus': 'Down'}, {'ipAddress': 'fe80::9070:8630:b8c:b1f7', 'macAddress': '6CAE8B3C8ABB', 'type': 'Ethernet', 'operationalStatus': 'Down'}, {'ipAddress': '169.254.204.59', 'macAddress': '6CAE8B3C8ABC', 'type': 'Ethernet', 'operationalStatus': 'Down'}, {'ipAddress': 'fe80::6003:7ca:5a11:cc3b', 'macAddress': '6CAE8B3C8ABC', 'type': 'Ethernet', 'operationalStatus': 'Down'}, {'ipAddress': '169.254.152.250', 'macAddress': '001B218AD771', 'type': 'Ethernet', 'operationalStatus': 'Down'}, {'ipAddress': 'fe80::c9f7:9f5b:72e0:98fa', 'macAddress': '001B218AD771', 'type': 'Ethernet', 'operationalStatus': 'Down'}, {'ipAddress': '169.254.95.120', 'macAddress': '6EAE8B3C8AB9', 'type': 'Ethernet', 'operationalStatus': 'Up'}, {'ipAddress': 'fe80::4413:8fe2:14bc:4b1', 'macAddress': '6EAE8B3C8AB9', 'type': 'Ethernet', 'operationalStatus': 'Up'}, {'ipAddress': '127.0.0.1', 'macAddress': '', 'type': 'SoftwareLoopback', 'operationalStatus': 'Up'}, {'ipAddress': '::1', 'macAddress': '', 'type': 'SoftwareLoopback', 'operationalStatus': 'Up'}]"
ff45fd944ea3dc3481923b31a4ba62184ffb86f5,hqspi.cpc.com.tw,Onboarded,"[{'ipAddress': '169.254.56.27', 'macAddress': '08F1EA8B3520', 'type': 'Ethernet', 'operationalStatus': 'Down'}, {'ipAddress': 'fe80::e58e:790c:9e38:381b', 'macAddress': '08F1EA8B3520', 'type': 'Ethernet', 'operationalStatus': 'Down'}, {'ipAddress': '169.254.157.81', 'macAddress': '08F1EA8B3521', 'type': 'Ethernet', 'operationalStatus': 'Down'}, {'ipAddress': 'fe80::1de:795b:a1e:9d51', 'macAddress': '08F1EA8B3521', 'type': 'Ethernet', 'operationalStatus': 'Down'}, {'ipAddress': '169.254.77.218', 'macAddress': '08F1EA8B351F', 'type': 'Ethernet', 'operationalStatus': 'Up'}, {'ipAddress': 'fe80::f915:3fac:4e07:4dda', 'macAddress': '08F1EA8B351F', 'type': 'Ethernet', 'operationalStatus': 'Up'}, {'ipAddress': '10.168.252.237', 'macAddress': '08F1EA8B351E', 'type': 'Ethernet', 'operationalStatus': 'Up'}, {'ipAddress': 'fe80::a931:c71f:b6f8:29b5', 'macAddress': '08F1EA8B351E', 'type': 'Ethernet', 'operationalStatus': 'Up'}, {'ipAddress': '127.0.0.1', 'macAddress': '', 'type': 'SoftwareLoopback', 'operationalStatus': 'Up'}, {'ipAddress': '::1', 'macAddress': '', 'type': 'SoftwareLoopback', 'operationalStatus': 'Up'}, {'ipAddress': 'fe80::5efe:10.168.252.237', 'macAddress': '00000000000000E0', 'type': 'Tunnel', 'operationalStatus': 'Down'}, {'ipAddress': 'fe80::5efe:169.254.77.218', 'macAddress': '00000000000000E0', 'type': 'Tunnel', 'operationalStatus': 'Down'}]"
